log_id,item_id,user_id,log_type,quantity_changed,stock_after_change,reference_so_id,notes,timestamp
1,1,1,MANUAL_ADJUSTMENT,10,10,,Initial stock load (system go-live),2024-01-01 07:00:00
2,1,1,RESTOCK,11,21,1.0,Stock received from supplier,2024-01-08 09:00:00
3,1,3,SALE,-1,20,,Ref: sales_id=20,2024-01-17 10:56:48
4,1,2,SALE,-1,19,,Ref: sales_id=33,2024-01-18 13:29:03
5,1,4,SALE,-1,18,,Ref: sales_id=32,2024-01-18 14:17:06
6,1,3,SALE,-1,17,,Ref: sales_id=31,2024-01-18 16:24:35
7,1,4,SALE,-5,12,,Ref: sales_id=51,2024-01-22 09:42:53
8,1,2,SALE,-1,11,,Ref: sales_id=60,2024-01-24 13:56:59
9,1,2,SALE,-1,10,,Ref: sales_id=75,2024-01-30 08:37:24
10,1,2,SALE,-1,9,,Ref: sales_id=76,2024-01-31 13:28:05
11,1,3,SALE,-1,8,,Ref: sales_id=89,2024-02-06 10:06:42
12,1,2,SALE,-1,7,,Ref: sales_id=98,2024-02-08 14:00:04
13,1,4,SALE,-1,6,,Ref: sales_id=103,2024-02-09 08:34:36
14,1,4,SALE,-1,5,,Ref: sales_id=104,2024-02-09 14:42:00
15,1,2,SALE,-1,4,,Ref: sales_id=108,2024-02-15 13:12:03
16,1,4,SALE,-1,3,,Ref: sales_id=138,2024-03-01 11:03:01
17,1,3,SALE,-1,2,,Ref: sales_id=165,2024-03-23 10:52:57
18,1,4,SALE,-1,1,,Ref: sales_id=174,2024-04-12 15:48:43
19,1,2,SALE,-1,0,,Ref: sales_id=183,2024-04-17 11:32:16
20,1,2,SALE,0,0,,Ref: sales_id=187,2024-04-18 12:51:20
21,1,4,RETURN,1,1,,Customer return of sales_id=183,2024-04-25 11:32:16
22,1,1,RESTOCK,8,9,2.0,Stock received from supplier,2024-05-30 09:00:00
23,1,4,SALE,-1,8,,Ref: sales_id=403,2024-09-11 14:18:58
24,1,2,SALE,-1,7,,Ref: sales_id=404,2024-09-12 09:11:32
25,1,2,SALE,-1,6,,Ref: sales_id=407,2024-09-14 11:47:24
26,1,2,SALE,-1,5,,Ref: sales_id=414,2024-09-20 17:30:10
27,1,4,SALE,-1,4,,Ref: sales_id=479,2024-10-16 17:27:28
28,1,4,SALE,-1,3,,Ref: sales_id=481,2024-10-18 10:05:56
29,1,1,RESTOCK,13,16,3.0,Stock received from supplier,2024-10-20 09:00:00
30,1,4,SALE,-1,15,,Ref: sales_id=497,2024-10-28 09:52:35
31,1,4,SALE,-1,14,,Ref: sales_id=498,2024-10-28 13:16:31
32,1,3,SALE,-1,13,,Ref: sales_id=495,2024-10-28 13:44:36
33,1,3,SALE,-1,12,,Ref: sales_id=496,2024-10-28 17:07:31
34,1,2,SALE,-1,11,,Ref: sales_id=513,2024-10-31 08:13:23
35,1,2,SALE,-1,10,,Ref: sales_id=829,2025-01-13 08:00:10
36,1,2,SALE,-3,7,,Ref: sales_id=901,2025-01-25 08:41:36
37,1,1,RESTOCK,12,19,4.0,Stock received from supplier,2025-03-05 09:00:00
38,1,4,SALE,-1,18,,Ref: sales_id=1122,2025-05-14 11:17:06
39,1,3,SALE,-1,17,,Ref: sales_id=1141,2025-05-20 09:37:18
40,1,1,RESTOCK,9,26,5.0,Stock received from supplier,2025-07-17 09:00:00
41,1,2,SALE,-1,25,,Ref: sales_id=1292,2025-08-09 11:59:59
42,1,2,SALE,-5,20,,Ref: sales_id=1300,2025-08-12 08:26:05
43,1,2,RETURN,5,25,,Customer return of sales_id=1300,2025-08-14 08:26:05
44,1,2,SALE,-1,24,,Ref: sales_id=1337,2025-09-26 08:26:38
45,1,4,SALE,-4,20,,Ref: sales_id=1356,2025-10-15 16:14:02
46,1,4,SALE,-2,18,,Ref: sales_id=1364,2025-10-25 13:24:19
47,1,2,SALE,-1,17,,Ref: sales_id=1373,2025-10-29 17:16:47
48,1,1,RESTOCK,8,25,6.0,Stock received from supplier,2025-12-05 09:00:00
49,2,1,MANUAL_ADJUSTMENT,10,10,,Initial stock load (system go-live),2024-01-01 07:00:00
50,2,4,SALE,-1,9,,Ref: sales_id=151,2024-03-15 13:54:13
51,2,4,SALE,-1,8,,Ref: sales_id=206,2024-05-06 11:49:42
52,2,2,SALE,-1,7,,Ref: sales_id=226,2024-05-20 08:37:12
53,2,2,SALE,-1,6,,Ref: sales_id=232,2024-05-20 12:39:57
54,2,2,SALE,-1,5,,Ref: sales_id=233,2024-05-20 14:20:31
55,2,2,SALE,-1,4,,Ref: sales_id=250,2024-05-31 12:16:27
56,2,3,SALE,-1,3,,Ref: sales_id=295,2024-06-26 13:29:17
57,2,4,SALE,-2,1,,Ref: sales_id=294,2024-06-26 15:40:07
58,2,2,RETURN,2,3,,Customer return of sales_id=294,2024-07-02 15:40:07
59,2,4,SALE,-1,2,,Ref: sales_id=331,2024-07-15 11:31:06
60,2,1,RESTOCK,11,13,8.0,Stock received from supplier,2024-08-29 09:00:00
61,2,3,SALE,-1,12,,Ref: sales_id=394,2024-09-02 14:14:34
62,2,3,SALE,-1,11,,Ref: sales_id=410,2024-09-19 09:04:40
63,2,2,SALE,-1,10,,Ref: sales_id=541,2024-11-18 11:12:03
64,2,2,SALE,-1,9,,Ref: sales_id=553,2024-11-21 11:30:02
65,2,3,SALE,-1,8,,Ref: sales_id=587,2024-11-28 17:52:32
66,2,3,SALE,-3,5,,Ref: sales_id=678,2024-12-03 16:04:25
67,2,2,SALE,-1,4,,Ref: sales_id=764,2024-12-16 16:08:22
68,2,3,SALE,-1,3,,Ref: sales_id=842,2025-01-14 16:28:46
69,2,4,SALE,-1,2,,Ref: sales_id=849,2025-01-15 15:40:27
70,2,4,SALE,-1,1,,Ref: sales_id=900,2025-01-24 13:51:55
71,2,2,SALE,-1,0,,Ref: sales_id=932,2025-02-03 17:08:25
72,2,4,SALE,0,0,,Ref: sales_id=1021,2025-03-06 11:59:51
73,2,2,SALE,0,0,,Ref: sales_id=1036,2025-03-11 09:06:12
74,2,4,SALE,0,0,,Ref: sales_id=1079,2025-03-29 12:34:14
75,2,1,RESTOCK,10,10,9.0,Stock received from supplier,2025-04-07 09:00:00
76,2,2,SALE,-1,9,,Ref: sales_id=1111,2025-05-09 09:28:10
77,2,3,SALE,-1,8,,Ref: sales_id=1166,2025-05-31 11:45:28
78,2,4,SALE,-1,7,,Ref: sales_id=1176,2025-06-10 14:40:56
79,2,2,SALE,-1,6,,Ref: sales_id=1267,2025-07-29 16:27:47
80,2,4,SALE,-1,5,,Ref: sales_id=1303,2025-08-14 15:17:48
81,2,1,RESTOCK,11,16,10.0,Stock received from supplier,2025-11-12 09:00:00
82,2,3,SALE,-1,15,,Ref: sales_id=1395,2025-12-03 10:02:28
83,3,1,MANUAL_ADJUSTMENT,10,10,,Initial stock load (system go-live),2024-01-01 07:00:00
84,3,4,SALE,-1,9,,Ref: sales_id=12,2024-01-11 14:16:59
85,3,1,RESTOCK,11,20,11.0,Stock received from supplier,2024-01-16 09:00:00
86,3,3,SALE,-1,19,,Ref: sales_id=26,2024-01-18 08:42:38
87,3,4,SALE,-1,18,,Ref: sales_id=73,2024-01-26 12:37:19
88,3,4,SALE,-1,17,,Ref: sales_id=193,2024-04-29 14:27:28
89,3,2,SALE,-1,16,,Ref: sales_id=258,2024-06-04 14:58:42
90,3,4,SALE,-1,15,,Ref: sales_id=272,2024-06-11 10:25:56
91,3,3,SALE,-1,14,,Ref: sales_id=271,2024-06-11 12:27:22
92,3,4,SALE,-1,13,,Ref: sales_id=275,2024-06-13 14:26:25
93,3,4,SALE,-1,12,,Ref: sales_id=288,2024-06-19 09:30:53
94,3,3,SALE,-1,11,,Ref: sales_id=309,2024-07-03 12:43:14
95,3,2,SALE,-1,10,,Ref: sales_id=351,2024-07-30 15:46:27
96,3,3,SALE,-3,7,,Ref: sales_id=353,2024-07-30 17:09:52
97,3,3,SALE,-1,6,,Ref: sales_id=363,2024-08-07 08:51:05
98,3,4,SALE,-1,5,,Ref: sales_id=390,2024-08-29 14:14:32
99,3,2,SALE,-1,4,,Ref: sales_id=475,2024-10-16 11:46:42
100,3,1,MANUAL_ADJUSTMENT,-1,3,,Stocktake correction,2025-05-23 00:00:00
101,3,4,SALE,-1,2,,Ref: sales_id=1296,2025-08-11 09:34:26
102,4,1,MANUAL_ADJUSTMENT,10,10,,Initial stock load (system go-live),2024-01-01 07:00:00
103,4,4,SALE,-1,9,,Ref: sales_id=27,2024-01-18 10:02:23
104,4,1,RESTOCK,11,20,13.0,Stock received from supplier,2024-01-22 09:00:00
105,4,4,SALE,-1,19,,Ref: sales_id=49,2024-01-22 09:52:01
106,4,4,SALE,-10,9,,Ref: sales_id=56,2024-01-24 10:55:08
107,4,3,SALE,-1,8,,Ref: sales_id=224,2024-05-17 16:36:26
108,4,3,SALE,-1,7,,Ref: sales_id=243,2024-05-27 16:30:48
109,4,2,SALE,-1,6,,Ref: sales_id=301,2024-06-27 14:34:27
110,4,4,SALE,-1,5,,Ref: sales_id=375,2024-08-16 15:08:23
111,4,1,RESTOCK,14,19,14.0,Stock received from supplier,2024-11-09 09:00:00
112,4,2,SALE,-1,18,,Ref: sales_id=698,2024-12-05 15:49:44
113,4,4,SALE,-1,17,,Ref: sales_id=711,2024-12-09 13:29:47
114,4,4,SALE,-1,16,,Ref: sales_id=848,2025-01-15 13:33:37
115,4,4,SALE,-1,15,,Ref: sales_id=988,2025-02-17 10:59:32
116,4,4,SALE,-1,14,,Ref: sales_id=1042,2025-03-13 17:45:05
117,4,4,SALE,-1,13,,Ref: sales_id=1131,2025-05-16 08:12:00
118,4,1,RESTOCK,8,21,15.0,Stock received from supplier,2025-08-19 09:00:00
119,4,2,SALE,-3,18,,Ref: sales_id=1390,2025-11-15 17:42:15
120,5,1,MANUAL_ADJUSTMENT,25,25,,Initial stock load (system go-live),2024-01-01 07:00:00
121,5,1,RESTOCK,39,64,17.0,Stock received from supplier,2024-03-09 09:00:00
122,5,1,RESTOCK,39,103,18.0,Stock received from supplier,2024-04-22 09:00:00
123,5,1,RESTOCK,37,140,19.0,Stock received from supplier,2024-06-09 09:00:00
124,5,1,RESTOCK,36,176,20.0,Stock received from supplier,2024-07-28 09:00:00
125,5,1,RESTOCK,38,214,21.0,Stock received from supplier,2024-09-14 09:00:00
126,5,1,RESTOCK,36,250,22.0,Stock received from supplier,2024-11-06 09:00:00
127,5,1,RESTOCK,41,291,23.0,Stock received from supplier,2024-12-21 09:00:00
128,5,3,SALE,-200,91,,Ref: sales_id=870,2025-01-22 08:11:15
129,5,4,SALE,-91,0,,Ref: sales_id=894,2025-01-23 11:45:09
130,5,1,RESTOCK,38,38,25.0,Stock received from supplier,2025-03-25 09:00:00
131,5,1,RESTOCK,37,75,27.0,Stock received from supplier,2025-06-23 09:00:00
132,5,3,SALE,-75,0,,Ref: sales_id=1223,2025-07-06 15:47:10
133,5,1,RESTOCK,35,35,28.0,Stock received from supplier,2025-08-14 09:00:00
134,5,1,RESTOCK,35,70,29.0,Stock received from supplier,2025-09-24 09:00:00
135,5,1,RESTOCK,37,107,30.0,Stock received from supplier,2025-11-11 09:00:00
136,6,1,MANUAL_ADJUSTMENT,10,10,,Initial stock load (system go-live),2024-01-01 07:00:00
137,6,1,RESTOCK,9,19,31.0,Stock received from supplier,2024-01-08 09:00:00
138,6,4,SALE,-1,18,,Ref: sales_id=38,2024-01-20 14:13:16
139,6,2,SALE,-2,16,,Ref: sales_id=261,2024-06-04 15:37:08
140,6,3,SALE,-2,14,,Ref: sales_id=299,2024-06-26 16:07:03
141,6,3,SALE,-10,4,,Ref: sales_id=310,2024-07-03 17:18:13
142,6,4,SALE,-1,3,,Ref: sales_id=413,2024-09-19 15:19:57
143,6,3,SALE,-1,2,,Ref: sales_id=493,2024-10-25 13:01:51
144,6,2,SALE,-1,1,,Ref: sales_id=716,2024-12-11 09:48:17
145,6,1,RESTOCK,13,14,32.0,Stock received from supplier,2025-01-27 09:00:00
146,6,2,SALE,-1,13,,Ref: sales_id=1026,2025-03-11 13:22:52
147,7,1,MANUAL_ADJUSTMENT,14,14,,Initial stock load (system go-live),2024-01-01 07:00:00
148,7,1,RESTOCK,23,37,33.0,Stock received from supplier,2024-01-07 09:00:00
149,7,1,RESTOCK,23,60,34.0,Stock received from supplier,2024-02-27 09:00:00
150,7,1,RESTOCK,25,85,35.0,Stock received from supplier,2024-04-12 09:00:00
151,7,2,SALE,-50,35,,Ref: sales_id=220,2024-05-16 11:00:27
152,7,1,RESTOCK,26,61,36.0,Stock received from supplier,2024-06-05 09:00:00
153,7,1,RESTOCK,24,85,37.0,Stock received from supplier,2024-07-18 09:00:00
154,7,2,SALE,-1,84,,Ref: sales_id=358,2024-08-03 13:03:12
155,7,4,SALE,-84,0,,Ref: sales_id=381,2024-08-19 10:55:39
156,7,1,RESTOCK,26,26,38.0,Stock received from supplier,2024-09-05 09:00:00
157,7,1,RESTOCK,20,46,39.0,Stock received from supplier,2024-10-20 09:00:00
158,7,1,RESTOCK,23,69,40.0,Stock received from supplier,2024-12-05 09:00:00
159,7,1,RESTOCK,20,89,41.0,Stock received from supplier,2025-01-18 09:00:00
160,7,4,SALE,-89,0,,Ref: sales_id=872,2025-01-22 12:34:02
161,7,1,RESTOCK,20,20,42.0,Stock received from supplier,2025-03-10 09:00:00
162,7,1,RESTOCK,23,43,43.0,Stock received from supplier,2025-04-28 09:00:00
163,7,1,RESTOCK,26,69,46.0,Stock received from supplier,2025-09-21 09:00:00
164,7,1,RESTOCK,23,92,47.0,Stock received from supplier,2025-11-05 09:00:00
165,7,1,RESTOCK,22,114,48.0,Stock received from supplier,2025-12-21 09:00:00
166,8,1,MANUAL_ADJUSTMENT,10,10,,Initial stock load (system go-live),2024-01-01 07:00:00
167,8,3,SALE,-1,9,,Ref: sales_id=4,2024-01-04 16:54:27
168,8,1,RESTOCK,10,19,49.0,Stock received from supplier,2024-01-10 09:00:00
169,8,3,SALE,-1,18,,Ref: sales_id=25,2024-01-17 15:02:56
170,8,2,SALE,-2,16,,Ref: sales_id=240,2024-05-25 17:09:33
171,8,4,SALE,-2,14,,Ref: sales_id=324,2024-07-13 16:54:43
172,8,4,SALE,-1,13,,Ref: sales_id=447,2024-09-26 12:38:28
173,8,1,RESTOCK,10,23,50.0,Stock received from supplier,2024-10-26 09:00:00
174,8,4,SALE,-1,22,,Ref: sales_id=533,2024-11-14 11:43:56
175,8,3,SALE,-1,21,,Ref: sales_id=543,2024-11-18 16:26:49
176,8,2,SALE,-1,20,,Ref: sales_id=563,2024-11-27 15:41:11
177,8,4,SALE,-1,19,,Ref: sales_id=818,2025-01-07 10:48:53
178,8,2,SALE,-1,18,,Ref: sales_id=889,2025-01-23 15:26:12
179,8,3,SALE,-2,16,,Ref: sales_id=925,2025-01-31 12:16:40
180,8,4,SALE,-2,14,,Ref: sales_id=915,2025-01-31 15:01:05
181,8,3,SALE,-1,13,,Ref: sales_id=914,2025-01-31 17:04:54
182,8,3,SALE,-1,12,,Ref: sales_id=968,2025-02-12 11:41:16
183,8,2,SALE,-1,11,,Ref: sales_id=1007,2025-02-24 15:08:23
184,8,4,SALE,-2,9,,Ref: sales_id=1052,2025-03-18 16:19:48
185,8,4,SALE,-1,8,,Ref: sales_id=1179,2025-06-10 16:20:37
186,8,2,SALE,-1,7,,Ref: sales_id=1183,2025-06-14 09:25:59
187,8,2,SALE,-1,6,,Ref: sales_id=1204,2025-06-28 13:11:39
188,8,3,SALE,-1,5,,Ref: sales_id=1409,2025-12-16 08:37:01
189,9,1,MANUAL_ADJUSTMENT,10,10,,Initial stock load (system go-live),2024-01-01 07:00:00
190,9,1,RESTOCK,13,23,52.0,Stock received from supplier,2024-01-27 09:00:00
191,9,4,SALE,-1,22,,Ref: sales_id=372,2024-08-12 08:47:42
192,9,1,RESTOCK,9,31,53.0,Stock received from supplier,2024-10-17 09:00:00
193,9,4,SALE,-1,30,,Ref: sales_id=510,2024-10-30 14:19:48
194,9,4,SALE,-1,29,,Ref: sales_id=517,2024-11-01 10:47:02
195,9,4,SALE,-1,28,,Ref: sales_id=556,2024-11-22 12:20:25
196,9,3,SALE,-1,27,,Ref: sales_id=719,2024-12-12 08:43:15
197,9,3,SALE,-1,26,,Ref: sales_id=756,2024-12-16 09:00:22
198,9,2,SALE,-1,25,,Ref: sales_id=761,2024-12-16 12:23:37
199,9,3,SALE,-1,24,,Ref: sales_id=812,2024-12-28 08:46:26
200,9,3,SALE,-3,21,,Ref: sales_id=869,2025-01-21 14:58:30
201,9,4,SALE,-1,20,,Ref: sales_id=1016,2025-03-03 08:16:17
202,9,4,SALE,-1,19,,Ref: sales_id=1012,2025-03-03 15:47:19
203,9,2,SALE,-3,16,,Ref: sales_id=1098,2025-05-02 17:53:37
204,9,4,SALE,-1,15,,Ref: sales_id=1127,2025-05-16 12:01:52
205,9,1,RESTOCK,9,24,54.0,Stock received from supplier,2025-07-04 09:00:00
206,9,2,SALE,-1,23,,Ref: sales_id=1251,2025-07-23 10:55:04
207,9,4,SALE,-1,22,,Ref: sales_id=1344,2025-10-07 16:40:53
208,9,2,SALE,-1,21,,Ref: sales_id=1389,2025-11-15 09:31:52
209,9,4,SALE,-8,13,,Ref: sales_id=1391,2025-11-15 14:20:57
210,10,1,MANUAL_ADJUSTMENT,10,10,,Initial stock load (system go-live),2024-01-01 07:00:00
211,10,1,RESTOCK,9,19,55.0,Stock received from supplier,2024-01-26 09:00:00
212,10,2,SALE,-1,18,,Ref: sales_id=162,2024-03-21 17:05:31
213,10,4,SALE,-1,17,,Ref: sales_id=169,2024-04-02 12:30:57
214,10,4,SALE,-1,16,,Ref: sales_id=210,2024-05-15 14:34:54
215,10,4,SALE,-1,15,,Ref: sales_id=228,2024-05-20 12:33:41
216,10,4,SALE,-1,14,,Ref: sales_id=292,2024-06-20 14:26:02
217,10,4,SALE,-1,13,,Ref: sales_id=319,2024-07-11 11:34:40
218,10,3,SALE,-1,12,,Ref: sales_id=819,2025-01-08 10:58:20
219,10,1,RESTOCK,14,26,56.0,Stock received from supplier,2025-06-04 09:00:00
220,10,4,SALE,-1,25,,Ref: sales_id=1194,2025-06-23 16:00:43
221,10,3,SALE,-1,24,,Ref: sales_id=1404,2025-12-12 09:31:08
222,11,1,MANUAL_ADJUSTMENT,10,10,,Initial stock load (system go-live),2024-01-01 07:00:00
223,11,2,SALE,-4,6,,Ref: sales_id=1,2024-01-03 12:10:23
224,11,3,SALE,-2,4,,Ref: sales_id=50,2024-01-22 08:16:19
225,11,3,SALE,-1,3,,Ref: sales_id=48,2024-01-22 08:19:06
226,11,2,SALE,-3,0,,Ref: sales_id=54,2024-01-24 15:28:31
227,11,2,SALE,0,0,,Ref: sales_id=71,2024-01-26 08:01:20
228,11,1,RESTOCK,11,11,57.0,Stock received from supplier,2024-01-26 09:00:00
229,11,3,SALE,-1,10,,Ref: sales_id=143,2024-03-05 08:49:45
230,11,2,SALE,-1,9,,Ref: sales_id=242,2024-05-27 17:33:02
231,11,3,SALE,-1,8,,Ref: sales_id=263,2024-06-04 15:50:24
232,11,2,SALE,-1,7,,Ref: sales_id=300,2024-06-27 17:48:42
233,11,1,RESTOCK,12,19,58.0,Stock received from supplier,2024-07-25 09:00:00
234,11,3,SALE,-1,18,,Ref: sales_id=360,2024-08-06 09:24:45
235,11,2,SALE,-1,17,,Ref: sales_id=421,2024-09-20 11:38:43
236,11,2,SALE,-1,16,,Ref: sales_id=424,2024-09-20 14:10:15
237,11,4,SALE,-1,15,,Ref: sales_id=550,2024-11-20 09:40:12
238,11,4,SALE,-1,14,,Ref: sales_id=551,2024-11-20 15:50:42
239,11,3,SALE,-1,13,,Ref: sales_id=864,2025-01-18 16:14:50
240,11,1,RESTOCK,12,25,59.0,Stock received from supplier,2025-01-22 09:00:00
241,11,2,SALE,-1,24,,Ref: sales_id=1050,2025-03-18 14:07:27
242,11,1,RESTOCK,10,34,60.0,Stock received from supplier,2025-07-14 09:00:00
243,11,4,SALE,-1,33,,Ref: sales_id=1272,2025-07-31 11:53:09
244,11,3,SALE,-10,23,,Ref: sales_id=1276,2025-08-03 08:07:50
245,11,3,SALE,-1,22,,Ref: sales_id=1418,2025-12-24 10:46:44
246,12,1,MANUAL_ADJUSTMENT,10,10,,Initial stock load (system go-live),2024-01-01 07:00:00
247,12,1,RESTOCK,12,22,61.0,Stock received from supplier,2024-01-14 09:00:00
248,12,2,SALE,-1,21,,Ref: sales_id=377,2024-08-16 09:54:13
249,12,4,SALE,-3,18,,Ref: sales_id=506,2024-10-30 10:19:23
250,12,4,SALE,-1,17,,Ref: sales_id=631,2024-11-29 10:10:43
251,12,4,SALE,-1,16,,Ref: sales_id=1025,2025-03-11 12:33:44
252,12,2,SALE,-1,15,,Ref: sales_id=1129,2025-05-16 13:41:18
253,12,1,RESTOCK,11,26,62.0,Stock received from supplier,2025-06-02 09:00:00
254,12,2,SALE,-1,25,,Ref: sales_id=1205,2025-07-01 14:08:28
255,12,3,SALE,-1,24,,Ref: sales_id=1330,2025-09-02 15:04:16
256,12,2,SALE,-1,23,,Ref: sales_id=1354,2025-10-14 10:21:02
257,12,2,SALE,-2,21,,Ref: sales_id=1386,2025-11-08 16:13:25
258,13,1,MANUAL_ADJUSTMENT,10,10,,Initial stock load (system go-live),2024-01-01 07:00:00
259,13,1,RESTOCK,8,18,63.0,Stock received from supplier,2024-01-20 09:00:00
260,13,3,SALE,-1,17,,Ref: sales_id=91,2024-02-06 10:26:20
261,13,4,SALE,-1,16,,Ref: sales_id=95,2024-02-08 08:32:19
262,13,4,SALE,-1,15,,Ref: sales_id=110,2024-02-16 09:37:16
263,13,2,SALE,-1,14,,Ref: sales_id=266,2024-06-06 12:19:56
264,13,4,SALE,-1,13,,Ref: sales_id=283,2024-06-15 13:50:46
265,13,3,SALE,-1,12,,Ref: sales_id=393,2024-09-02 13:35:18
266,13,2,SALE,-1,11,,Ref: sales_id=411,2024-09-19 11:41:27
267,13,3,SALE,-1,10,,Ref: sales_id=464,2024-10-06 14:54:15
268,13,2,RETURN,1,11,,Customer return of sales_id=464,2024-10-07 14:54:15
269,13,3,SALE,-1,10,,Ref: sales_id=523,2024-11-04 11:05:11
270,13,4,SALE,-1,9,,Ref: sales_id=590,2024-11-28 17:59:14
271,13,4,SALE,-1,8,,Ref: sales_id=699,2024-12-05 12:54:28
272,13,4,SALE,-1,7,,Ref: sales_id=814,2025-01-02 12:05:57
273,13,1,RESTOCK,13,20,64.0,Stock received from supplier,2025-01-03 09:00:00
274,13,2,SALE,-1,19,,Ref: sales_id=1002,2025-02-18 13:38:44
275,13,3,SALE,-1,18,,Ref: sales_id=1144,2025-05-22 13:58:09
276,13,2,SALE,-1,17,,Ref: sales_id=1180,2025-06-11 13:36:22
277,13,3,SALE,-1,16,,Ref: sales_id=1184,2025-06-15 16:31:33
278,13,3,SALE,-1,15,,Ref: sales_id=1192,2025-06-21 13:29:06
279,13,4,SALE,-1,14,,Ref: sales_id=1201,2025-06-25 08:39:46
280,13,2,SALE,-1,13,,Ref: sales_id=1341,2025-10-06 08:12:47
281,13,4,SALE,-1,12,,Ref: sales_id=1370,2025-10-29 12:27:58
282,13,1,RESTOCK,10,22,65.0,Stock received from supplier,2025-12-17 09:00:00
283,13,4,SALE,-1,21,,Ref: sales_id=1431,2025-12-30 08:50:26
284,14,1,MANUAL_ADJUSTMENT,10,10,,Initial stock load (system go-live),2024-01-01 07:00:00
285,14,1,RESTOCK,9,19,66.0,Stock received from supplier,2024-01-25 09:00:00
286,14,4,SALE,-1,18,,Ref: sales_id=192,2024-04-29 13:51:27
287,14,2,SALE,-1,17,,Ref: sales_id=313,2024-07-04 15:30:32
288,14,2,SALE,-1,16,,Ref: sales_id=371,2024-08-10 13:08:04
289,14,3,SALE,-1,15,,Ref: sales_id=671,2024-11-30 10:49:11
290,14,3,SALE,-1,14,,Ref: sales_id=733,2024-12-15 08:52:34
291,14,1,RESTOCK,13,27,67.0,Stock received from supplier,2025-06-09 09:00:00
292,14,4,SALE,-1,26,,Ref: sales_id=1249,2025-07-22 17:37:09
293,14,4,SALE,-1,25,,Ref: sales_id=1274,2025-08-02 12:25:44
294,14,4,SALE,-1,24,,Ref: sales_id=1278,2025-08-05 11:39:29
295,15,1,MANUAL_ADJUSTMENT,10,10,,Initial stock load (system go-live),2024-01-01 07:00:00
296,15,1,RESTOCK,11,21,68.0,Stock received from supplier,2024-01-09 09:00:00
297,15,2,SALE,-1,20,,Ref: sales_id=150,2024-03-15 09:47:31
298,15,3,SALE,-2,18,,Ref: sales_id=508,2024-10-30 09:24:05
299,15,2,SALE,-2,16,,Ref: sales_id=507,2024-10-30 12:03:33
300,15,3,SALE,-1,15,,Ref: sales_id=516,2024-10-31 14:08:39
301,15,4,RETURN,2,17,,Customer return of sales_id=507,2024-11-07 12:03:33
302,15,2,SALE,-1,16,,Ref: sales_id=562,2024-11-27 11:12:01
303,15,2,SALE,-2,14,,Ref: sales_id=976,2025-02-13 09:11:49
304,15,2,SALE,-1,13,,Ref: sales_id=1305,2025-08-16 15:08:52
305,16,1,MANUAL_ADJUSTMENT,10,10,,Initial stock load (system go-live),2024-01-01 07:00:00
306,16,3,SALE,-1,9,,Ref: sales_id=81,2024-02-02 11:57:27
307,16,4,SALE,-2,7,,Ref: sales_id=115,2024-02-16 10:39:37
308,16,3,SALE,-1,6,,Ref: sales_id=149,2024-03-15 10:02:35
309,16,4,SALE,-1,5,,Ref: sales_id=181,2024-04-17 13:26:42
310,16,4,SALE,-1,4,,Ref: sales_id=336,2024-07-16 16:38:36
311,16,3,SALE,-1,3,,Ref: sales_id=505,2024-10-30 14:56:25
312,16,3,SALE,-1,2,,Ref: sales_id=1004,2025-02-24 13:15:21
313,16,4,SALE,-1,1,,Ref: sales_id=1107,2025-05-07 13:40:21
314,16,3,SALE,-1,0,,Ref: sales_id=1336,2025-09-26 12:31:52
315,17,1,MANUAL_ADJUSTMENT,10,10,,Initial stock load (system go-live),2024-01-01 07:00:00
316,17,1,RESTOCK,14,24,72.0,Stock received from supplier,2024-01-24 09:00:00
317,17,4,SALE,-6,18,,Ref: sales_id=119,2024-02-22 13:49:47
318,17,1,RESTOCK,11,29,73.0,Stock received from supplier,2024-03-09 09:00:00
319,17,1,RESTOCK,12,41,74.0,Stock received from supplier,2024-04-17 09:00:00
320,17,2,SALE,-3,38,,Ref: sales_id=213,2024-05-15 09:16:36
321,17,1,RESTOCK,10,48,75.0,Stock received from supplier,2024-06-02 09:00:00
322,17,1,RESTOCK,10,58,76.0,Stock received from supplier,2024-07-10 09:00:00
323,17,1,RESTOCK,12,70,77.0,Stock received from supplier,2024-08-23 09:00:00
324,17,1,RESTOCK,12,82,78.0,Stock received from supplier,2024-09-30 09:00:00
325,17,4,SALE,-5,77,,Ref: sales_id=462,2024-10-03 17:42:16
326,17,1,RESTOCK,13,90,79.0,Stock received from supplier,2024-11-11 09:00:00
327,17,2,SALE,-5,85,,Ref: sales_id=602,2024-11-28 11:50:54
328,17,3,SALE,-7,78,,Ref: sales_id=569,2024-11-28 12:39:06
329,17,3,SALE,-5,73,,Ref: sales_id=596,2024-11-28 16:43:29
330,17,3,SALE,-7,66,,Ref: sales_id=614,2024-11-29 08:11:34
331,17,3,SALE,-5,61,,Ref: sales_id=627,2024-11-29 08:42:00
332,17,2,SALE,-12,49,,Ref: sales_id=664,2024-11-30 13:57:20
333,17,4,SALE,-10,39,,Ref: sales_id=655,2024-11-30 15:39:54
334,17,4,SALE,-10,29,,Ref: sales_id=686,2024-12-04 09:24:42
335,17,4,SALE,-10,19,,Ref: sales_id=687,2024-12-04 16:32:38
336,17,2,SALE,-7,12,,Ref: sales_id=718,2024-12-11 10:50:06
337,17,2,SALE,-7,5,,Ref: sales_id=730,2024-12-14 09:17:09
338,17,2,SALE,-5,0,,Ref: sales_id=750,2024-12-15 09:58:04
339,17,4,SALE,0,0,,Ref: sales_id=768,2024-12-17 16:19:36
340,17,4,SALE,0,0,,Ref: sales_id=801,2024-12-22 13:29:17
341,17,1,RESTOCK,12,12,80.0,Stock received from supplier,2024-12-28 09:00:00
342,17,3,SALE,-5,7,,Ref: sales_id=929,2025-02-01 16:57:14
343,17,1,RESTOCK,13,20,81.0,Stock received from supplier,2025-02-10 09:00:00
344,17,1,RESTOCK,14,34,82.0,Stock received from supplier,2025-03-29 09:00:00
345,17,3,SALE,-3,31,,Ref: sales_id=1110,2025-05-08 13:58:59
346,17,1,RESTOCK,8,39,83.0,Stock received from supplier,2025-05-16 09:00:00
347,17,3,SALE,-10,29,,Ref: sales_id=1133,2025-05-16 17:13:29
348,17,4,SALE,-5,24,,Ref: sales_id=1139,2025-05-20 17:23:23
349,17,3,SALE,-5,19,,Ref: sales_id=1149,2025-05-25 11:53:34
350,17,4,SALE,-4,15,,Ref: sales_id=1177,2025-06-10 09:41:26
351,17,1,RESTOCK,10,25,84.0,Stock received from supplier,2025-06-25 09:00:00
352,17,2,SALE,-7,18,,Ref: sales_id=1225,2025-07-08 12:19:35
353,17,3,SALE,-5,13,,Ref: sales_id=1283,2025-08-06 08:15:42
354,17,1,RESTOCK,10,23,85.0,Stock received from supplier,2025-08-06 09:00:00
355,17,3,SALE,-5,18,,Ref: sales_id=1326,2025-08-28 08:49:58
356,17,1,RESTOCK,14,32,86.0,Stock received from supplier,2025-09-12 09:00:00
357,17,1,RESTOCK,11,43,88.0,Stock received from supplier,2025-12-03 09:00:00
358,17,2,SALE,-5,38,,Ref: sales_id=1415,2025-12-18 11:01:14
359,18,1,MANUAL_ADJUSTMENT,10,10,,Initial stock load (system go-live),2024-01-01 07:00:00
360,18,1,RESTOCK,8,18,89.0,Stock received from supplier,2024-01-11 09:00:00
361,18,1,RESTOCK,14,32,90.0,Stock received from supplier,2024-04-06 09:00:00
362,18,2,SALE,-6,26,,Ref: sales_id=450,2024-09-26 09:50:25
363,18,1,RESTOCK,12,38,92.0,Stock received from supplier,2024-10-01 09:00:00
364,18,3,SALE,-3,35,,Ref: sales_id=512,2024-10-30 13:03:21
365,18,2,SALE,-1,34,,Ref: sales_id=501,2024-10-30 14:03:33
366,18,4,SALE,-1,33,,Ref: sales_id=522,2024-11-04 12:20:57
367,18,4,SALE,-7,26,,Ref: sales_id=591,2024-11-28 12:00:16
368,18,3,SALE,-12,14,,Ref: sales_id=579,2024-11-28 13:11:29
369,18,2,SALE,-7,7,,Ref: sales_id=622,2024-11-29 12:04:32
370,18,4,SALE,-7,0,,Ref: sales_id=617,2024-11-29 16:20:06
371,18,4,SALE,0,0,,Ref: sales_id=665,2024-11-30 11:49:42
372,18,4,SALE,0,0,,Ref: sales_id=677,2024-12-03 16:22:03
373,18,4,SALE,0,0,,Ref: sales_id=692,2024-12-04 15:16:37
374,18,4,SALE,0,0,,Ref: sales_id=770,2024-12-17 09:28:10
375,18,1,RESTOCK,13,13,93.0,Stock received from supplier,2024-12-23 09:00:00
376,18,1,RESTOCK,14,27,94.0,Stock received from supplier,2025-03-25 09:00:00
377,18,1,RESTOCK,11,38,95.0,Stock received from supplier,2025-06-23 09:00:00
378,18,4,SALE,-7,31,,Ref: sales_id=1207,2025-07-02 10:44:33
379,18,3,SALE,-1,30,,Ref: sales_id=1233,2025-07-10 10:37:55
380,18,4,SALE,-1,29,,Ref: sales_id=1299,2025-08-12 11:21:45
381,18,1,RESTOCK,12,41,96.0,Stock received from supplier,2025-09-17 09:00:00
382,18,1,RESTOCK,14,55,97.0,Stock received from supplier,2025-12-16 09:00:00
383,18,4,SALE,-3,52,,Ref: sales_id=1416,2025-12-19 12:34:48
384,19,1,MANUAL_ADJUSTMENT,10,10,,Initial stock load (system go-live),2024-01-01 07:00:00
385,19,1,RESTOCK,12,22,98.0,Stock received from supplier,2024-01-20 09:00:00
386,19,1,RESTOCK,13,35,99.0,Stock received from supplier,2024-03-01 09:00:00
387,19,1,RESTOCK,12,47,100.0,Stock received from supplier,2024-04-13 09:00:00
388,19,2,SALE,-1,46,,Ref: sales_id=212,2024-05-15 10:09:29
389,19,1,RESTOCK,13,59,101.0,Stock received from supplier,2024-05-30 09:00:00
390,19,1,RESTOCK,9,68,103.0,Stock received from supplier,2024-08-22 09:00:00
391,19,4,SALE,-3,65,,Ref: sales_id=463,2024-10-03 11:37:57
392,19,1,RESTOCK,13,78,104.0,Stock received from supplier,2024-10-07 09:00:00
393,19,2,RETURN,3,81,,Customer return of sales_id=463,2024-10-10 11:37:57
394,19,4,SALE,-10,71,,Ref: sales_id=577,2024-11-28 13:33:44
395,19,4,SALE,-7,64,,Ref: sales_id=565,2024-11-28 17:43:46
396,19,2,SALE,-7,57,,Ref: sales_id=576,2024-11-28 17:45:57
397,19,3,SALE,-7,50,,Ref: sales_id=624,2024-11-29 10:55:10
398,19,4,SALE,-12,38,,Ref: sales_id=623,2024-11-29 17:59:53
399,19,3,SALE,-10,28,,Ref: sales_id=666,2024-11-30 09:24:38
400,19,2,SALE,-10,18,,Ref: sales_id=657,2024-11-30 17:50:19
401,19,2,SALE,-5,13,,Ref: sales_id=685,2024-12-04 15:07:00
402,19,2,SALE,-7,6,,Ref: sales_id=729,2024-12-14 10:30:02
403,19,2,SALE,-6,0,,Ref: sales_id=749,2024-12-15 14:13:18
404,19,4,SALE,0,0,,Ref: sales_id=738,2024-12-15 17:22:56
405,19,3,SALE,0,0,,Ref: sales_id=769,2024-12-17 09:30:47
406,19,3,SALE,0,0,,Ref: sales_id=802,2024-12-22 10:20:31
407,19,2,SALE,0,0,,Ref: sales_id=927,2025-02-01 14:32:39
408,19,3,SALE,0,0,,Ref: sales_id=973,2025-02-12 08:54:52
409,19,1,RESTOCK,9,9,107.0,Stock received from supplier,2025-02-26 09:00:00
410,19,1,RESTOCK,13,22,108.0,Stock received from supplier,2025-04-04 09:00:00
411,19,1,RESTOCK,10,32,109.0,Stock received from supplier,2025-05-15 09:00:00
412,19,2,SALE,-10,22,,Ref: sales_id=1136,2025-05-19 16:44:18
413,19,1,RESTOCK,12,34,110.0,Stock received from supplier,2025-07-02 09:00:00
414,19,3,SALE,-3,31,,Ref: sales_id=1209,2025-07-03 12:40:30
415,19,2,SALE,-10,21,,Ref: sales_id=1214,2025-07-04 13:29:59
416,19,2,SALE,-3,18,,Ref: sales_id=1253,2025-07-24 16:39:53
417,19,1,RESTOCK,11,29,111.0,Stock received from supplier,2025-08-11 09:00:00
418,19,2,SALE,-1,28,,Ref: sales_id=1304,2025-08-15 15:14:31
419,19,4,SALE,-7,21,,Ref: sales_id=1312,2025-08-20 17:26:30
420,19,3,SALE,-1,20,,Ref: sales_id=1315,2025-08-22 08:35:57
421,19,3,SALE,-10,10,,Ref: sales_id=1401,2025-12-09 12:55:14
422,20,1,MANUAL_ADJUSTMENT,10,10,,Initial stock load (system go-live),2024-01-01 07:00:00
423,20,1,RESTOCK,14,24,115.0,Stock received from supplier,2024-01-08 09:00:00
424,20,4,SALE,-1,23,,Ref: sales_id=21,2024-01-17 08:19:18
425,20,4,SALE,-1,22,,Ref: sales_id=186,2024-04-18 13:22:56
426,20,3,SALE,-1,21,,Ref: sales_id=409,2024-09-14 09:05:11
427,20,1,RESTOCK,14,35,116.0,Stock received from supplier,2024-11-17 09:00:00
428,20,4,SALE,-1,34,,Ref: sales_id=720,2024-12-12 14:33:56
429,20,2,SALE,-1,33,,Ref: sales_id=935,2025-02-04 08:53:01
430,20,2,SALE,-1,32,,Ref: sales_id=1008,2025-02-26 17:34:10
431,20,3,SALE,-14,18,,Ref: sales_id=1015,2025-03-03 13:24:27
432,20,4,SALE,-1,17,,Ref: sales_id=1156,2025-05-27 12:16:15
433,20,1,RESTOCK,10,27,117.0,Stock received from supplier,2025-09-28 09:00:00
434,20,3,SALE,-1,26,,Ref: sales_id=1359,2025-10-16 10:28:36
435,20,2,SALE,-1,25,,Ref: sales_id=1371,2025-10-29 15:55:17
436,21,1,MANUAL_ADJUSTMENT,10,10,,Initial stock load (system go-live),2024-01-01 07:00:00
437,21,1,RESTOCK,12,22,118.0,Stock received from supplier,2024-01-28 09:00:00
438,21,4,SALE,-10,12,,Ref: sales_id=471,2024-10-14 17:53:34
439,21,2,SALE,-10,2,,Ref: sales_id=492,2024-10-25 08:19:48
440,21,4,SALE,-2,0,,Ref: sales_id=491,2024-10-25 14:23:13
441,21,1,RESTOCK,12,12,119.0,Stock received from supplier,2024-11-27 09:00:00
442,21,1,RESTOCK,8,20,120.0,Stock received from supplier,2025-09-19 09:00:00
443,22,1,MANUAL_ADJUSTMENT,10,10,,Initial stock load (system go-live),2024-01-01 07:00:00
444,22,1,RESTOCK,14,24,121.0,Stock received from supplier,2024-01-20 09:00:00
445,22,4,SALE,-2,22,,Ref: sales_id=223,2024-05-17 11:30:33
446,22,4,SALE,-1,21,,Ref: sales_id=225,2024-05-18 17:54:55
447,22,3,SALE,-1,20,,Ref: sales_id=230,2024-05-20 09:15:38
448,22,2,SALE,-4,16,,Ref: sales_id=236,2024-05-22 08:35:29
449,22,3,SALE,-1,15,,Ref: sales_id=239,2024-05-23 13:22:41
450,22,2,SALE,-1,14,,Ref: sales_id=255,2024-06-03 08:10:26
451,22,4,SALE,-1,13,,Ref: sales_id=262,2024-06-04 15:34:42
452,22,4,SALE,-1,12,,Ref: sales_id=270,2024-06-11 08:10:48
453,22,1,RESTOCK,11,23,122.0,Stock received from supplier,2025-06-05 09:00:00
454,22,3,SALE,-1,22,,Ref: sales_id=1403,2025-12-11 09:44:53
455,23,1,MANUAL_ADJUSTMENT,10,10,,Initial stock load (system go-live),2024-01-01 07:00:00
456,23,1,RESTOCK,8,18,123.0,Stock received from supplier,2024-01-13 09:00:00
457,23,4,SALE,-1,17,,Ref: sales_id=39,2024-01-22 15:14:19
458,23,3,SALE,-1,16,,Ref: sales_id=188,2024-04-18 08:39:32
459,23,1,RESTOCK,14,30,124.0,Stock received from supplier,2024-04-27 09:00:00
460,23,1,RESTOCK,14,44,126.0,Stock received from supplier,2024-11-17 09:00:00
461,23,2,SALE,-3,41,,Ref: sales_id=544,2024-11-19 11:48:58
462,23,2,SALE,-1,40,,Ref: sales_id=545,2024-11-19 14:06:12
463,23,4,SALE,-1,39,,Ref: sales_id=546,2024-11-19 15:31:51
464,23,2,SALE,-5,34,,Ref: sales_id=558,2024-11-22 12:26:28
465,23,2,SALE,-5,29,,Ref: sales_id=633,2024-11-29 09:17:43
466,23,4,SALE,-5,24,,Ref: sales_id=632,2024-11-29 11:30:50
467,23,2,SALE,-4,20,,Ref: sales_id=642,2024-11-29 16:36:45
468,23,2,SALE,-1,19,,Ref: sales_id=684,2024-12-03 12:43:31
469,23,4,SALE,-3,16,,Ref: sales_id=703,2024-12-09 08:07:47
470,23,2,SALE,-1,15,,Ref: sales_id=712,2024-12-09 08:40:37
471,23,4,SALE,-2,13,,Ref: sales_id=701,2024-12-09 10:23:04
472,23,3,SALE,-5,8,,Ref: sales_id=708,2024-12-09 14:42:45
473,23,3,SALE,-8,0,,Ref: sales_id=831,2025-01-13 11:07:55
474,23,3,RETURN,20,20,,Customer return of sales_id=831,2025-01-21 11:07:55
475,23,1,RESTOCK,13,33,127.0,Stock received from supplier,2025-02-27 09:00:00
476,23,1,RESTOCK,10,43,128.0,Stock received from supplier,2025-06-15 09:00:00
477,23,2,SALE,-3,40,,Ref: sales_id=1211,2025-07-04 17:41:55
478,23,3,SALE,-4,36,,Ref: sales_id=1246,2025-07-17 16:58:37
479,23,3,SALE,-5,31,,Ref: sales_id=1288,2025-08-08 15:44:23
480,23,1,RESTOCK,8,39,129.0,Stock received from supplier,2025-09-21 09:00:00
481,23,3,SALE,-1,38,,Ref: sales_id=1378,2025-10-29 14:54:35
482,24,1,MANUAL_ADJUSTMENT,10,10,,Initial stock load (system go-live),2024-01-01 07:00:00
483,24,1,RESTOCK,9,19,130.0,Stock received from supplier,2024-01-13 09:00:00
484,24,2,SALE,-1,18,,Ref: sales_id=663,2024-11-30 10:04:11
485,24,3,SALE,-1,17,,Ref: sales_id=672,2024-11-30 12:31:25
486,24,3,SALE,-1,16,,Ref: sales_id=752,2024-12-15 16:51:49
487,24,3,SALE,-1,15,,Ref: sales_id=1134,2025-05-18 15:42:13
488,24,1,RESTOCK,8,23,131.0,Stock received from supplier,2025-05-25 09:00:00
489,24,2,SALE,-1,22,,Ref: sales_id=1174,2025-06-08 08:01:35
490,24,4,SALE,-1,21,,Ref: sales_id=1202,2025-06-26 10:43:28
491,25,1,MANUAL_ADJUSTMENT,10,10,,Initial stock load (system go-live),2024-01-01 07:00:00
492,25,2,SALE,-1,9,,Ref: sales_id=8,2024-01-05 08:01:29
493,25,4,SALE,-1,8,,Ref: sales_id=7,2024-01-05 16:38:44
494,25,3,SALE,-1,7,,Ref: sales_id=6,2024-01-05 17:03:35
495,25,2,SALE,-1,6,,Ref: sales_id=28,2024-01-18 14:17:03
496,25,1,RESTOCK,10,16,133.0,Stock received from supplier,2025-05-31 09:00:00
497,26,1,MANUAL_ADJUSTMENT,10,10,,Initial stock load (system go-live),2024-01-01 07:00:00
498,26,1,RESTOCK,13,23,134.0,Stock received from supplier,2024-01-29 09:00:00
499,26,4,SALE,-1,22,,Ref: sales_id=191,2024-04-19 13:58:16
500,26,4,SALE,-1,21,,Ref: sales_id=688,2024-12-04 10:17:43
501,26,2,SALE,-1,20,,Ref: sales_id=1343,2025-10-06 11:03:47
502,27,1,MANUAL_ADJUSTMENT,10,10,,Initial stock load (system go-live),2024-01-01 07:00:00
503,27,1,RESTOCK,14,24,136.0,Stock received from supplier,2024-01-12 09:00:00
504,27,2,SALE,-1,23,,Ref: sales_id=16,2024-01-12 09:58:21
505,27,2,SALE,-1,22,,Ref: sales_id=84,2024-02-02 12:12:39
506,27,3,SALE,-1,21,,Ref: sales_id=153,2024-03-16 14:26:26
507,27,3,SALE,-1,20,,Ref: sales_id=161,2024-03-20 13:24:44
508,27,3,SALE,-1,19,,Ref: sales_id=167,2024-03-26 12:02:33
509,27,3,SALE,-1,18,,Ref: sales_id=465,2024-10-09 15:11:09
510,28,1,MANUAL_ADJUSTMENT,10,10,,Initial stock load (system go-live),2024-01-01 07:00:00
511,28,4,SALE,-2,8,,Ref: sales_id=311,2024-07-03 09:44:54
512,28,4,SALE,-1,7,,Ref: sales_id=401,2024-09-06 12:38:09
513,28,2,SALE,-1,6,,Ref: sales_id=484,2024-10-23 08:03:04
514,28,3,SALE,-1,5,,Ref: sales_id=486,2024-10-23 10:16:02
515,28,4,SALE,-1,4,,Ref: sales_id=485,2024-10-23 16:12:36
516,28,1,RESTOCK,11,15,139.0,Stock received from supplier,2025-05-27 09:00:00
517,28,3,SALE,-2,13,,Ref: sales_id=1221,2025-07-06 15:06:10
518,29,1,MANUAL_ADJUSTMENT,10,10,,Initial stock load (system go-live),2024-01-01 07:00:00
519,29,1,RESTOCK,10,20,140.0,Stock received from supplier,2024-01-26 09:00:00
520,29,4,SALE,-1,19,,Ref: sales_id=152,2024-03-16 15:06:07
521,29,3,SALE,-1,18,,Ref: sales_id=179,2024-04-13 10:55:31
522,29,2,SALE,-1,17,,Ref: sales_id=474,2024-10-16 12:28:02
523,29,1,RESTOCK,14,31,141.0,Stock received from supplier,2025-06-06 09:00:00
524,30,1,MANUAL_ADJUSTMENT,10,10,,Initial stock load (system go-live),2024-01-01 07:00:00
525,30,1,RESTOCK,11,21,142.0,Stock received from supplier,2024-01-18 09:00:00
526,30,2,SALE,-15,6,,Ref: sales_id=867,2025-01-20 14:27:33
527,30,3,SALE,-1,5,,Ref: sales_id=868,2025-01-20 15:31:59
528,30,1,RESTOCK,9,14,143.0,Stock received from supplier,2025-04-23 09:00:00
529,31,1,MANUAL_ADJUSTMENT,10,10,,Initial stock load (system go-live),2024-01-01 07:00:00
530,31,1,RESTOCK,11,21,144.0,Stock received from supplier,2024-01-24 09:00:00
531,31,2,SALE,-1,20,,Ref: sales_id=83,2024-02-02 15:20:28
532,31,2,SALE,-1,19,,Ref: sales_id=82,2024-02-02 15:53:24
533,31,3,SALE,-12,7,,Ref: sales_id=490,2024-10-25 14:13:35
534,31,2,SALE,-1,6,,Ref: sales_id=736,2024-12-15 16:25:37
535,31,2,SALE,-1,5,,Ref: sales_id=805,2024-12-22 14:47:22
536,31,1,RESTOCK,9,14,145.0,Stock received from supplier,2025-01-04 09:00:00
537,31,4,SALE,-1,13,,Ref: sales_id=926,2025-02-01 16:17:45
538,31,2,SALE,-1,12,,Ref: sales_id=1121,2025-05-14 11:34:29
539,31,4,SALE,-1,11,,Ref: sales_id=1132,2025-05-16 15:34:07
540,31,2,SALE,-1,10,,Ref: sales_id=1244,2025-07-15 09:46:09
541,31,2,SALE,-1,9,,Ref: sales_id=1382,2025-11-04 13:31:27
542,32,1,MANUAL_ADJUSTMENT,10,10,,Initial stock load (system go-live),2024-01-01 07:00:00
543,32,1,RESTOCK,14,24,147.0,Stock received from supplier,2024-01-18 09:00:00
544,32,4,SALE,-2,22,,Ref: sales_id=68,2024-01-25 09:17:06
545,32,1,RESTOCK,8,30,148.0,Stock received from supplier,2025-06-06 09:00:00
546,33,1,MANUAL_ADJUSTMENT,10,10,,Initial stock load (system go-live),2024-01-01 07:00:00
547,33,1,RESTOCK,9,19,149.0,Stock received from supplier,2024-01-12 09:00:00
548,33,1,RESTOCK,14,33,150.0,Stock received from supplier,2024-03-04 09:00:00
549,33,4,SALE,-33,0,,Ref: sales_id=221,2024-05-16 09:51:49
550,33,1,RESTOCK,12,12,152.0,Stock received from supplier,2024-06-03 09:00:00
551,33,1,RESTOCK,8,20,153.0,Stock received from supplier,2024-07-25 09:00:00
552,33,1,RESTOCK,10,30,154.0,Stock received from supplier,2024-09-07 09:00:00
553,33,1,RESTOCK,9,39,155.0,Stock received from supplier,2024-10-26 09:00:00
554,33,1,RESTOCK,14,53,156.0,Stock received from supplier,2024-12-13 09:00:00
555,33,1,RESTOCK,10,63,157.0,Stock received from supplier,2025-02-03 09:00:00
556,33,4,SALE,-1,62,,Ref: sales_id=998,2025-02-17 14:58:20
557,33,1,RESTOCK,14,76,158.0,Stock received from supplier,2025-03-20 09:00:00
558,33,1,RESTOCK,8,84,159.0,Stock received from supplier,2025-05-12 09:00:00
559,33,1,RESTOCK,8,92,160.0,Stock received from supplier,2025-06-28 09:00:00
560,33,1,RESTOCK,11,103,161.0,Stock received from supplier,2025-08-19 09:00:00
561,33,1,RESTOCK,10,113,162.0,Stock received from supplier,2025-10-11 09:00:00
562,33,1,RESTOCK,12,125,163.0,Stock received from supplier,2025-11-30 09:00:00
563,34,1,MANUAL_ADJUSTMENT,10,10,,Initial stock load (system go-live),2024-01-01 07:00:00
564,34,1,RESTOCK,9,19,164.0,Stock received from supplier,2024-01-24 09:00:00
565,34,2,SALE,-1,18,,Ref: sales_id=458,2024-10-02 08:44:02
566,34,4,SALE,-1,17,,Ref: sales_id=534,2024-11-14 15:00:36
567,35,1,MANUAL_ADJUSTMENT,10,10,,Initial stock load (system go-live),2024-01-01 07:00:00
568,35,1,RESTOCK,11,21,166.0,Stock received from supplier,2024-01-15 09:00:00
569,35,2,SALE,-1,20,,Ref: sales_id=172,2024-04-11 13:29:24
570,35,3,SALE,-1,19,,Ref: sales_id=204,2024-04-30 15:39:09
571,35,2,SALE,-1,18,,Ref: sales_id=322,2024-07-12 10:13:09
572,35,3,SALE,-1,17,,Ref: sales_id=325,2024-07-13 17:52:08
573,35,4,SALE,-1,16,,Ref: sales_id=896,2025-01-24 09:20:56
574,35,2,SALE,-1,15,,Ref: sales_id=981,2025-02-15 15:39:20
575,35,1,RESTOCK,14,29,167.0,Stock received from supplier,2025-06-06 09:00:00
576,35,2,SALE,-1,28,,Ref: sales_id=1188,2025-06-19 12:02:14
577,35,3,SALE,-1,27,,Ref: sales_id=1349,2025-10-14 17:04:15
578,35,3,SALE,-1,26,,Ref: sales_id=1400,2025-12-09 17:40:51
579,36,1,MANUAL_ADJUSTMENT,10,10,,Initial stock load (system go-live),2024-01-01 07:00:00
580,36,1,RESTOCK,12,22,168.0,Stock received from supplier,2024-01-15 09:00:00
581,36,3,SALE,-1,21,,Ref: sales_id=594,2024-11-28 10:58:42
582,36,3,SALE,-1,20,,Ref: sales_id=601,2024-11-28 12:52:13
583,36,1,RESTOCK,9,29,169.0,Stock received from supplier,2025-06-02 09:00:00
584,36,4,SALE,-1,28,,Ref: sales_id=1172,2025-06-04 13:15:46
585,37,1,MANUAL_ADJUSTMENT,10,10,,Initial stock load (system go-live),2024-01-01 07:00:00
586,37,1,RESTOCK,14,24,170.0,Stock received from supplier,2024-01-13 09:00:00
587,37,1,RESTOCK,12,36,171.0,Stock received from supplier,2024-08-06 09:00:00
588,37,4,SALE,-7,29,,Ref: sales_id=595,2024-11-28 17:26:34
589,37,3,SALE,-7,22,,Ref: sales_id=610,2024-11-29 09:52:55
590,37,3,SALE,-12,10,,Ref: sales_id=616,2024-11-29 16:12:35
591,37,4,SALE,-10,0,,Ref: sales_id=781,2024-12-21 12:34:15
592,37,1,RESTOCK,8,8,172.0,Stock received from supplier,2025-03-02 09:00:00
593,37,1,RESTOCK,8,16,173.0,Stock received from supplier,2025-09-19 09:00:00
594,38,1,MANUAL_ADJUSTMENT,10,10,,Initial stock load (system go-live),2024-01-01 07:00:00
595,38,1,RESTOCK,13,23,174.0,Stock received from supplier,2024-01-08 09:00:00
596,38,3,SALE,-4,19,,Ref: sales_id=214,2024-05-15 11:42:30
597,38,2,SALE,-1,18,,Ref: sales_id=237,2024-05-22 09:45:59
598,38,1,RESTOCK,12,30,175.0,Stock received from supplier,2025-05-27 09:00:00
599,38,2,SALE,-4,26,,Ref: sales_id=1318,2025-08-23 13:23:31
600,39,1,MANUAL_ADJUSTMENT,10,10,,Initial stock load (system go-live),2024-01-01 07:00:00
601,39,1,RESTOCK,12,22,176.0,Stock received from supplier,2024-01-08 09:00:00
602,39,4,SALE,-1,21,,Ref: sales_id=19,2024-01-17 15:37:22
603,39,2,SALE,-1,20,,Ref: sales_id=30,2024-01-18 13:39:36
604,39,3,SALE,-1,19,,Ref: sales_id=248,2024-05-30 09:21:12
605,39,4,SALE,-1,18,,Ref: sales_id=259,2024-06-04 12:05:17
606,39,2,SALE,-2,16,,Ref: sales_id=308,2024-07-03 17:07:42
607,39,4,SALE,-2,14,,Ref: sales_id=374,2024-08-13 17:31:58
608,39,3,SALE,-1,13,,Ref: sales_id=391,2024-08-29 14:09:30
609,39,4,SALE,-1,12,,Ref: sales_id=855,2025-01-16 09:51:11
610,39,2,SALE,-1,11,,Ref: sales_id=1080,2025-03-29 12:38:39
611,39,1,RESTOCK,11,22,177.0,Stock received from supplier,2025-05-18 09:00:00
612,40,1,MANUAL_ADJUSTMENT,10,10,,Initial stock load (system go-live),2024-01-01 07:00:00
613,40,1,RESTOCK,12,22,178.0,Stock received from supplier,2024-01-16 09:00:00
614,40,4,SALE,-3,19,,Ref: sales_id=1000,2025-02-18 17:04:28
615,40,1,RESTOCK,8,27,179.0,Stock received from supplier,2025-06-01 09:00:00
616,40,3,SALE,-3,24,,Ref: sales_id=1234,2025-07-11 08:44:21
617,40,3,SALE,-2,22,,Ref: sales_id=1329,2025-09-02 16:01:46
618,41,1,MANUAL_ADJUSTMENT,10,10,,Initial stock load (system go-live),2024-01-01 07:00:00
619,41,1,RESTOCK,8,18,180.0,Stock received from supplier,2024-01-22 09:00:00
620,41,4,SALE,-1,17,,Ref: sales_id=74,2024-01-26 10:03:47
621,41,2,SALE,-1,16,,Ref: sales_id=765,2024-12-16 16:18:34
622,41,2,SALE,-1,15,,Ref: sales_id=1142,2025-05-22 10:39:17
623,41,1,RESTOCK,10,25,181.0,Stock received from supplier,2025-05-28 09:00:00
624,42,1,MANUAL_ADJUSTMENT,10,10,,Initial stock load (system go-live),2024-01-01 07:00:00
625,42,1,RESTOCK,14,24,182.0,Stock received from supplier,2024-01-21 09:00:00
626,42,4,SALE,-1,23,,Ref: sales_id=67,2024-01-25 08:11:39
627,42,2,SALE,-1,22,,Ref: sales_id=66,2024-01-25 08:47:04
628,42,2,SALE,-1,21,,Ref: sales_id=1193,2025-06-22 09:51:54
629,42,2,SALE,-1,20,,Ref: sales_id=1290,2025-08-09 17:34:50
630,42,4,SALE,-1,19,,Ref: sales_id=1410,2025-12-16 09:42:54
631,43,1,MANUAL_ADJUSTMENT,10,10,,Initial stock load (system go-live),2024-01-01 07:00:00
632,43,1,RESTOCK,14,24,184.0,Stock received from supplier,2024-01-18 09:00:00
633,43,2,SALE,-1,23,,Ref: sales_id=858,2025-01-16 14:34:50
634,43,1,RESTOCK,14,37,185.0,Stock received from supplier,2025-06-05 09:00:00
635,44,1,MANUAL_ADJUSTMENT,10,10,,Initial stock load (system go-live),2024-01-01 07:00:00
636,44,1,RESTOCK,10,20,186.0,Stock received from supplier,2024-01-17 09:00:00
637,44,2,SALE,-1,19,,Ref: sales_id=547,2024-11-20 14:58:07
638,44,4,SALE,-1,18,,Ref: sales_id=771,2024-12-17 15:31:57
639,44,1,RESTOCK,10,28,187.0,Stock received from supplier,2025-05-26 09:00:00
640,45,1,MANUAL_ADJUSTMENT,10,10,,Initial stock load (system go-live),2024-01-01 07:00:00
641,45,1,RESTOCK,10,20,188.0,Stock received from supplier,2024-01-18 09:00:00
642,45,2,SALE,-1,19,,Ref: sales_id=449,2024-09-26 17:31:16
643,45,4,SALE,-1,18,,Ref: sales_id=1010,2025-03-01 13:12:21
644,45,1,RESTOCK,12,30,189.0,Stock received from supplier,2025-05-29 09:00:00
645,46,1,MANUAL_ADJUSTMENT,10,10,,Initial stock load (system go-live),2024-01-01 07:00:00
646,46,1,RESTOCK,8,18,190.0,Stock received from supplier,2024-01-15 09:00:00
647,46,3,SALE,-1,17,,Ref: sales_id=654,2024-11-30 17:01:09
648,46,2,SALE,-1,16,,Ref: sales_id=740,2024-12-15 14:11:27
649,46,3,SALE,-1,15,,Ref: sales_id=745,2024-12-15 14:59:21
650,46,2,SALE,-1,14,,Ref: sales_id=803,2024-12-22 17:05:33
651,46,1,RESTOCK,13,27,191.0,Stock received from supplier,2025-05-26 09:00:00
652,47,1,MANUAL_ADJUSTMENT,10,10,,Initial stock load (system go-live),2024-01-01 07:00:00
653,47,1,RESTOCK,14,24,192.0,Stock received from supplier,2024-01-26 09:00:00
654,47,2,SALE,-1,23,,Ref: sales_id=111,2024-02-16 08:57:28
655,47,2,SALE,-1,22,,Ref: sales_id=134,2024-02-27 15:54:50
656,47,1,RESTOCK,13,35,193.0,Stock received from supplier,2025-06-07 09:00:00
657,48,1,MANUAL_ADJUSTMENT,10,10,,Initial stock load (system go-live),2024-01-01 07:00:00
658,48,1,RESTOCK,11,21,194.0,Stock received from supplier,2024-01-14 09:00:00
659,48,3,SALE,-1,20,,Ref: sales_id=573,2024-11-28 08:01:22
660,48,4,SALE,-1,19,,Ref: sales_id=588,2024-11-28 10:26:38
661,48,2,SALE,-1,18,,Ref: sales_id=606,2024-11-28 16:37:16
662,48,2,SALE,-1,17,,Ref: sales_id=639,2024-11-29 11:58:35
663,48,2,SALE,-1,16,,Ref: sales_id=620,2024-11-29 12:48:45
664,48,3,SALE,-1,15,,Ref: sales_id=626,2024-11-29 15:01:09
665,48,3,SALE,-1,14,,Ref: sales_id=651,2024-11-30 12:48:36
666,48,2,SALE,-1,13,,Ref: sales_id=644,2024-11-30 15:27:43
667,48,2,SALE,-1,12,,Ref: sales_id=668,2024-11-30 16:00:33
668,48,2,SALE,-1,11,,Ref: sales_id=754,2024-12-15 12:29:55
669,48,2,SALE,-1,10,,Ref: sales_id=784,2024-12-21 16:17:19
670,48,1,RESTOCK,13,23,195.0,Stock received from supplier,2025-05-23 09:00:00
671,48,3,SALE,-1,22,,Ref: sales_id=1231,2025-07-09 10:58:52
672,48,4,SALE,-1,21,,Ref: sales_id=1262,2025-07-29 11:09:18
673,48,3,SALE,-1,20,,Ref: sales_id=1309,2025-08-18 15:53:06
674,49,1,MANUAL_ADJUSTMENT,10,10,,Initial stock load (system go-live),2024-01-01 07:00:00
675,49,1,RESTOCK,13,23,196.0,Stock received from supplier,2024-01-13 09:00:00
676,49,2,SALE,-2,21,,Ref: sales_id=276,2024-06-13 17:39:09
677,49,1,RESTOCK,11,32,197.0,Stock received from supplier,2025-05-24 09:00:00
678,50,1,MANUAL_ADJUSTMENT,10,10,,Initial stock load (system go-live),2024-01-01 07:00:00
679,50,1,RESTOCK,13,23,198.0,Stock received from supplier,2024-01-28 09:00:00
680,50,2,SALE,-1,22,,Ref: sales_id=548,2024-11-20 09:38:54
681,50,1,RESTOCK,11,33,199.0,Stock received from supplier,2025-06-07 09:00:00
682,51,1,MANUAL_ADJUSTMENT,10,10,,Initial stock load (system go-live),2024-01-01 07:00:00
683,51,1,RESTOCK,12,22,200.0,Stock received from supplier,2024-01-09 09:00:00
684,51,3,SALE,-2,20,,Ref: sales_id=86,2024-02-03 16:51:54
685,51,1,RESTOCK,14,34,201.0,Stock received from supplier,2025-05-28 09:00:00
686,52,1,MANUAL_ADJUSTMENT,10,10,,Initial stock load (system go-live),2024-01-01 07:00:00
687,52,1,RESTOCK,8,18,202.0,Stock received from supplier,2024-02-02 09:00:00
688,52,2,SALE,-1,17,,Ref: sales_id=931,2025-02-03 15:31:42
689,52,1,RESTOCK,11,28,203.0,Stock received from supplier,2025-06-09 09:00:00
690,53,1,MANUAL_ADJUSTMENT,10,10,,Initial stock load (system go-live),2024-01-01 07:00:00
691,53,1,RESTOCK,12,22,204.0,Stock received from supplier,2024-01-15 09:00:00
692,53,3,SALE,-1,21,,Ref: sales_id=88,2024-02-05 10:29:10
693,53,1,RESTOCK,14,35,205.0,Stock received from supplier,2025-06-02 09:00:00
694,54,1,MANUAL_ADJUSTMENT,10,10,,Initial stock load (system go-live),2024-01-01 07:00:00
695,54,2,SALE,-2,8,,Ref: sales_id=2,2024-01-03 14:32:33
696,54,4,SALE,-2,6,,Ref: sales_id=17,2024-01-12 14:20:11
697,54,1,RESTOCK,9,15,206.0,Stock received from supplier,2024-01-17 09:00:00
698,54,4,SALE,-1,14,,Ref: sales_id=29,2024-01-18 13:43:52
699,54,4,SALE,-2,12,,Ref: sales_id=139,2024-03-05 11:17:19
700,54,2,SALE,-1,11,,Ref: sales_id=144,2024-03-05 16:06:55
701,54,4,SALE,-1,10,,Ref: sales_id=274,2024-06-13 17:55:27
702,54,4,SALE,-2,8,,Ref: sales_id=290,2024-06-19 15:06:34
703,54,3,SALE,-1,7,,Ref: sales_id=366,2024-08-08 14:31:54
704,54,3,SALE,-1,6,,Ref: sales_id=429,2024-09-21 14:54:57
705,54,4,SALE,-3,3,,Ref: sales_id=442,2024-09-25 11:04:43
706,54,4,SALE,-2,1,,Ref: sales_id=470,2024-10-14 12:59:26
707,54,1,RESTOCK,8,9,207.0,Stock received from supplier,2024-11-10 09:00:00
708,54,3,SALE,-1,8,,Ref: sales_id=552,2024-11-20 13:43:00
709,54,3,SALE,-1,7,,Ref: sales_id=965,2025-02-12 11:57:07
710,54,4,SALE,-1,6,,Ref: sales_id=1165,2025-05-31 08:30:57
711,54,2,SALE,-2,4,,Ref: sales_id=1187,2025-06-19 09:08:45
712,54,3,SALE,-1,3,,Ref: sales_id=1219,2025-07-05 13:41:12
713,54,1,RESTOCK,9,12,208.0,Stock received from supplier,2025-09-10 09:00:00
714,55,1,MANUAL_ADJUSTMENT,10,10,,Initial stock load (system go-live),2024-01-01 07:00:00
715,55,1,RESTOCK,11,21,209.0,Stock received from supplier,2024-01-19 09:00:00
716,55,4,SALE,-1,20,,Ref: sales_id=354,2024-07-30 10:24:49
717,55,2,SALE,-1,19,,Ref: sales_id=455,2024-10-01 12:46:36
718,55,2,SALE,-1,18,,Ref: sales_id=515,2024-10-31 15:02:29
719,55,3,DAMAGED_LOST,-2,16,,Damaged/lost during handling (periodic check),2024-11-28 00:00:00
720,55,4,SALE,-1,15,,Ref: sales_id=897,2025-01-24 16:00:53
721,55,4,SALE,-1,14,,Ref: sales_id=982,2025-02-15 14:46:58
722,55,4,SALE,-1,13,,Ref: sales_id=1175,2025-06-10 17:47:03
723,55,4,SALE,-1,12,,Ref: sales_id=1348,2025-10-14 11:08:09
724,55,3,SALE,-1,11,,Ref: sales_id=1365,2025-10-25 11:04:43
725,55,4,SALE,-1,10,,Ref: sales_id=1363,2025-10-25 14:32:35
726,56,1,MANUAL_ADJUSTMENT,10,10,,Initial stock load (system go-live),2024-01-01 07:00:00
727,56,2,SALE,-1,9,,Ref: sales_id=653,2024-11-30 11:10:36
728,56,4,SALE,-1,8,,Ref: sales_id=751,2024-12-15 14:05:03
729,56,1,RESTOCK,14,22,212.0,Stock received from supplier,2025-06-02 09:00:00
730,57,1,MANUAL_ADJUSTMENT,10,10,,Initial stock load (system go-live),2024-01-01 07:00:00
731,57,1,RESTOCK,11,21,213.0,Stock received from supplier,2024-01-20 09:00:00
732,57,2,SALE,-1,20,,Ref: sales_id=209,2024-05-14 08:19:57
733,57,2,SALE,-1,19,,Ref: sales_id=231,2024-05-20 12:32:48
734,57,4,SALE,-1,18,,Ref: sales_id=431,2024-09-21 16:39:35
735,57,2,SALE,-2,16,,Ref: sales_id=535,2024-11-14 16:23:17
736,57,4,SALE,-1,15,,Ref: sales_id=853,2025-01-15 12:46:40
737,58,1,MANUAL_ADJUSTMENT,10,10,,Initial stock load (system go-live),2024-01-01 07:00:00
738,58,1,RESTOCK,10,20,215.0,Stock received from supplier,2024-01-19 09:00:00
739,58,2,SALE,-10,10,,Ref: sales_id=305,2024-07-03 15:30:10
740,58,1,RESTOCK,11,21,216.0,Stock received from supplier,2024-09-24 09:00:00
741,58,4,SALE,-10,11,,Ref: sales_id=1255,2025-07-24 12:38:35
742,58,2,SALE,-10,1,,Ref: sales_id=1314,2025-08-20 09:02:19
743,59,1,MANUAL_ADJUSTMENT,10,10,,Initial stock load (system go-live),2024-01-01 07:00:00
744,59,1,RESTOCK,11,21,218.0,Stock received from supplier,2024-01-09 09:00:00
745,59,1,RESTOCK,11,32,219.0,Stock received from supplier,2024-05-18 09:00:00
746,59,1,RESTOCK,12,44,220.0,Stock received from supplier,2024-09-30 09:00:00
747,59,2,SALE,-5,39,,Ref: sales_id=583,2024-11-28 10:49:32
748,59,4,SALE,-5,34,,Ref: sales_id=625,2024-11-29 09:35:14
749,59,3,SALE,-5,29,,Ref: sales_id=613,2024-11-29 13:12:31
750,59,2,SALE,-12,17,,Ref: sales_id=647,2024-11-30 10:16:37
751,59,4,RETURN,5,22,,Customer return of sales_id=613,2024-12-06 13:12:31
752,59,4,SALE,-7,15,,Ref: sales_id=728,2024-12-14 15:11:41
753,59,3,SALE,-10,5,,Ref: sales_id=806,2024-12-22 16:05:24
754,59,1,RESTOCK,13,18,221.0,Stock received from supplier,2025-02-08 09:00:00
755,59,1,RESTOCK,14,32,222.0,Stock received from supplier,2025-06-24 09:00:00
756,59,4,SALE,-10,22,,Ref: sales_id=1402,2025-12-09 14:52:43
757,60,1,MANUAL_ADJUSTMENT,10,10,,Initial stock load (system go-live),2024-01-01 07:00:00
758,60,4,SALE,-1,9,,Ref: sales_id=886,2025-01-23 14:34:45
759,60,1,RESTOCK,9,18,225.0,Stock received from supplier,2025-06-12 09:00:00
760,61,1,MANUAL_ADJUSTMENT,10,10,,Initial stock load (system go-live),2024-01-01 07:00:00
761,61,1,RESTOCK,11,21,226.0,Stock received from supplier,2024-01-26 09:00:00
762,61,2,SALE,-1,20,,Ref: sales_id=302,2024-06-27 16:08:32
763,61,2,SALE,-1,19,,Ref: sales_id=866,2025-01-20 12:12:29
764,61,2,SALE,-1,18,,Ref: sales_id=887,2025-01-23 17:49:39
765,61,2,SALE,-1,17,,Ref: sales_id=1017,2025-03-04 10:18:31
766,61,2,SALE,-1,16,,Ref: sales_id=1104,2025-05-05 16:35:52
767,61,4,SALE,-1,15,,Ref: sales_id=1155,2025-05-26 10:21:30
768,61,1,RESTOCK,8,23,227.0,Stock received from supplier,2025-06-06 09:00:00
769,61,4,SALE,-1,22,,Ref: sales_id=1426,2025-12-27 11:12:05
770,62,1,MANUAL_ADJUSTMENT,10,10,,Initial stock load (system go-live),2024-01-01 07:00:00
771,62,1,RESTOCK,11,21,228.0,Stock received from supplier,2024-01-09 09:00:00
772,62,3,SALE,-21,0,,Ref: sales_id=9,2024-01-09 13:14:53
773,62,1,RESTOCK,9,9,229.0,Stock received from supplier,2024-03-24 09:00:00
774,62,1,RESTOCK,11,20,230.0,Stock received from supplier,2024-06-05 09:00:00
775,62,1,RESTOCK,11,31,231.0,Stock received from supplier,2024-08-17 09:00:00
776,62,1,RESTOCK,11,42,232.0,Stock received from supplier,2024-11-01 09:00:00
777,62,1,RESTOCK,11,53,233.0,Stock received from supplier,2025-01-08 09:00:00
778,62,3,SALE,-2,51,,Ref: sales_id=825,2025-01-10 16:21:34
779,62,1,RESTOCK,12,63,234.0,Stock received from supplier,2025-03-23 09:00:00
780,62,3,SALE,-1,62,,Ref: sales_id=1083,2025-04-01 13:08:45
781,62,1,RESTOCK,12,74,237.0,Stock received from supplier,2025-11-01 09:00:00
782,63,1,MANUAL_ADJUSTMENT,10,10,,Initial stock load (system go-live),2024-01-01 07:00:00
783,63,1,RESTOCK,10,20,238.0,Stock received from supplier,2024-01-20 09:00:00
784,63,1,RESTOCK,9,29,239.0,Stock received from supplier,2024-05-28 09:00:00
785,63,2,SALE,-2,27,,Ref: sales_id=461,2024-10-03 09:57:14
786,63,1,RESTOCK,10,37,240.0,Stock received from supplier,2024-10-07 09:00:00
787,63,3,SALE,-5,32,,Ref: sales_id=575,2024-11-28 08:35:25
788,63,4,SALE,-5,27,,Ref: sales_id=612,2024-11-29 09:25:56
789,63,3,SALE,-4,23,,Ref: sales_id=621,2024-11-29 11:48:22
790,63,2,SALE,-5,18,,Ref: sales_id=641,2024-11-29 16:10:04
791,63,3,SALE,-12,6,,Ref: sales_id=648,2024-11-30 13:17:40
792,63,4,RETURN,5,11,,Customer return of sales_id=575,2024-12-07 08:35:25
793,63,4,SALE,-10,1,,Ref: sales_id=798,2024-12-22 13:59:12
794,63,1,RESTOCK,14,15,241.0,Stock received from supplier,2025-02-10 09:00:00
795,63,1,RESTOCK,8,23,242.0,Stock received from supplier,2025-06-20 09:00:00
796,63,4,SALE,-10,13,,Ref: sales_id=1195,2025-06-24 15:05:22
797,63,4,SALE,-4,9,,Ref: sales_id=1238,2025-07-14 16:46:00
798,63,1,RESTOCK,10,19,243.0,Stock received from supplier,2025-10-31 09:00:00
799,64,1,MANUAL_ADJUSTMENT,10,10,,Initial stock load (system go-live),2024-01-01 07:00:00
800,64,1,RESTOCK,10,20,244.0,Stock received from supplier,2024-01-17 09:00:00
801,64,3,SALE,-1,19,,Ref: sales_id=126,2024-02-24 11:44:24
802,64,4,SALE,-1,18,,Ref: sales_id=361,2024-08-06 11:42:29
803,64,2,SALE,-1,17,,Ref: sales_id=423,2024-09-20 12:20:57
804,64,4,SALE,-2,15,,Ref: sales_id=445,2024-09-25 15:05:45
805,64,4,SALE,-1,14,,Ref: sales_id=1035,2025-03-11 12:43:33
806,64,3,SALE,-1,13,,Ref: sales_id=1043,2025-03-13 12:40:41
807,64,2,SALE,-1,12,,Ref: sales_id=1226,2025-07-08 11:01:38
808,65,1,MANUAL_ADJUSTMENT,10,10,,Initial stock load (system go-live),2024-01-01 07:00:00
809,65,4,SALE,-1,9,,Ref: sales_id=776,2024-12-18 10:10:10
810,66,1,MANUAL_ADJUSTMENT,10,10,,Initial stock load (system go-live),2024-01-01 07:00:00
811,66,1,RESTOCK,9,19,248.0,Stock received from supplier,2024-01-28 09:00:00
812,66,2,SALE,-1,18,,Ref: sales_id=732,2024-12-14 17:49:31
813,67,1,MANUAL_ADJUSTMENT,10,10,,Initial stock load (system go-live),2024-01-01 07:00:00
814,67,1,RESTOCK,13,23,250.0,Stock received from supplier,2024-01-14 09:00:00
815,67,4,SALE,-1,22,,Ref: sales_id=41,2024-01-22 13:53:17
816,67,4,SALE,-1,21,,Ref: sales_id=53,2024-01-23 08:11:35
817,67,4,SALE,-1,20,,Ref: sales_id=78,2024-02-01 15:37:38
818,67,2,SALE,-1,19,,Ref: sales_id=499,2024-10-30 13:12:57
819,67,3,SALE,-1,18,,Ref: sales_id=554,2024-11-21 08:59:59
820,67,2,SALE,-1,17,,Ref: sales_id=863,2025-01-18 16:32:45
821,67,3,SALE,-6,11,,Ref: sales_id=875,2025-01-22 11:34:21
822,67,2,SALE,-1,10,,Ref: sales_id=1003,2025-02-20 13:20:23
823,67,4,SALE,-1,9,,Ref: sales_id=1105,2025-05-06 13:43:04
824,67,1,RESTOCK,10,19,251.0,Stock received from supplier,2025-05-12 09:00:00
825,67,2,SALE,-1,18,,Ref: sales_id=1281,2025-08-06 14:23:20
826,68,1,MANUAL_ADJUSTMENT,10,10,,Initial stock load (system go-live),2024-01-01 07:00:00
827,68,1,RESTOCK,13,23,252.0,Stock received from supplier,2024-01-20 09:00:00
828,68,4,SALE,-1,22,,Ref: sales_id=415,2024-09-20 11:01:07
829,68,4,SALE,-1,21,,Ref: sales_id=468,2024-10-11 12:47:54
830,68,2,SALE,-1,20,,Ref: sales_id=847,2025-01-15 15:41:53
831,68,3,SALE,-1,19,,Ref: sales_id=1090,2025-04-01 08:46:30
832,68,1,RESTOCK,12,31,253.0,Stock received from supplier,2025-06-05 09:00:00
833,69,1,MANUAL_ADJUSTMENT,10,10,,Initial stock load (system go-live),2024-01-01 07:00:00
834,69,1,RESTOCK,10,20,254.0,Stock received from supplier,2024-01-12 09:00:00
835,69,3,SALE,-1,19,,Ref: sales_id=211,2024-05-15 13:48:16
836,69,2,SALE,-1,18,,Ref: sales_id=265,2024-06-05 12:49:50
837,69,2,SALE,-2,16,,Ref: sales_id=578,2024-11-28 14:17:45
838,69,2,SALE,-2,14,,Ref: sales_id=571,2024-11-28 16:55:59
839,69,3,SALE,-2,12,,Ref: sales_id=645,2024-11-30 09:20:02
840,69,3,SALE,-2,10,,Ref: sales_id=727,2024-12-14 08:45:05
841,69,3,SALE,-2,8,,Ref: sales_id=748,2024-12-15 11:37:57
842,69,2,SALE,-2,6,,Ref: sales_id=734,2024-12-15 17:20:24
843,69,1,RESTOCK,8,14,255.0,Stock received from supplier,2025-02-02 09:00:00
844,69,4,SALE,-2,12,,Ref: sales_id=1160,2025-05-28 10:15:28
845,69,3,SALE,-1,11,,Ref: sales_id=1346,2025-10-09 17:41:57
846,69,2,SALE,-2,9,,Ref: sales_id=1352,2025-10-14 13:15:59
847,70,1,MANUAL_ADJUSTMENT,10,10,,Initial stock load (system go-live),2024-01-01 07:00:00
848,70,1,RESTOCK,10,20,256.0,Stock received from supplier,2024-01-14 09:00:00
849,70,4,SALE,-1,19,,Ref: sales_id=694,2024-12-05 11:27:26
850,71,1,MANUAL_ADJUSTMENT,10,10,,Initial stock load (system go-live),2024-01-01 07:00:00
851,71,1,RESTOCK,14,24,258.0,Stock received from supplier,2024-01-10 09:00:00
852,71,3,SALE,-1,23,,Ref: sales_id=85,2024-02-03 10:16:37
853,72,1,MANUAL_ADJUSTMENT,10,10,,Initial stock load (system go-live),2024-01-01 07:00:00
854,72,1,RESTOCK,9,19,262.0,Stock received from supplier,2024-11-03 09:00:00
855,72,1,RESTOCK,10,29,263.0,Stock received from supplier,2025-04-01 09:00:00
856,72,1,RESTOCK,13,42,264.0,Stock received from supplier,2025-08-21 09:00:00
857,72,4,SALE,-42,0,,Ref: sales_id=1384,2025-11-05 09:09:03
858,73,1,MANUAL_ADJUSTMENT,10,10,,Initial stock load (system go-live),2024-01-01 07:00:00
859,73,2,SALE,-1,9,,Ref: sales_id=23,2024-01-17 11:19:11
860,73,1,RESTOCK,11,20,265.0,Stock received from supplier,2024-01-19 09:00:00
861,73,4,SALE,-1,19,,Ref: sales_id=277,2024-06-13 12:06:18
862,73,3,SALE,-1,18,,Ref: sales_id=284,2024-06-15 14:36:14
863,73,3,SALE,-1,17,,Ref: sales_id=426,2024-09-20 09:34:30
864,73,4,SALE,-1,16,,Ref: sales_id=917,2025-01-31 10:54:14
865,73,3,SALE,-1,15,,Ref: sales_id=956,2025-02-10 17:26:17
866,73,4,SALE,-1,14,,Ref: sales_id=971,2025-02-12 16:28:19
867,73,3,SALE,-1,13,,Ref: sales_id=1054,2025-03-18 15:53:05
868,73,2,SALE,-1,12,,Ref: sales_id=1161,2025-05-29 14:54:18
869,73,1,RESTOCK,8,20,266.0,Stock received from supplier,2025-06-01 09:00:00
870,74,1,MANUAL_ADJUSTMENT,10,10,,Initial stock load (system go-live),2024-01-01 07:00:00
871,74,1,RESTOCK,8,18,267.0,Stock received from supplier,2024-01-08 09:00:00
872,74,2,SALE,-18,0,,Ref: sales_id=10,2024-01-09 08:01:39
873,74,1,RESTOCK,9,9,268.0,Stock received from supplier,2024-03-04 09:00:00
874,74,1,RESTOCK,11,20,270.0,Stock received from supplier,2024-06-12 09:00:00
875,74,3,SALE,-20,0,,Ref: sales_id=382,2024-08-19 08:09:21
876,74,1,RESTOCK,13,13,272.0,Stock received from supplier,2024-09-27 09:00:00
877,74,1,RESTOCK,11,24,274.0,Stock received from supplier,2025-01-02 09:00:00
878,74,1,RESTOCK,10,34,275.0,Stock received from supplier,2025-02-22 09:00:00
879,74,1,RESTOCK,9,43,276.0,Stock received from supplier,2025-04-07 09:00:00
880,74,1,RESTOCK,8,51,277.0,Stock received from supplier,2025-05-22 09:00:00
881,74,1,RESTOCK,12,63,278.0,Stock received from supplier,2025-07-11 09:00:00
882,74,1,RESTOCK,8,71,279.0,Stock received from supplier,2025-08-27 09:00:00
883,74,1,RESTOCK,10,81,280.0,Stock received from supplier,2025-10-19 09:00:00
884,74,1,RESTOCK,8,89,281.0,Stock received from supplier,2025-12-03 09:00:00
885,75,1,MANUAL_ADJUSTMENT,10,10,,Initial stock load (system go-live),2024-01-01 07:00:00
886,75,1,RESTOCK,13,23,282.0,Stock received from supplier,2024-01-18 09:00:00
887,75,3,SALE,-10,13,,Ref: sales_id=55,2024-01-24 09:25:16
888,75,1,RESTOCK,13,26,283.0,Stock received from supplier,2025-06-05 09:00:00
889,76,1,MANUAL_ADJUSTMENT,10,10,,Initial stock load (system go-live),2024-01-01 07:00:00
890,76,1,RESTOCK,13,23,284.0,Stock received from supplier,2024-01-10 09:00:00
891,76,1,RESTOCK,10,33,285.0,Stock received from supplier,2024-03-30 09:00:00
892,76,1,RESTOCK,14,47,286.0,Stock received from supplier,2024-06-17 09:00:00
893,76,2,SALE,-1,46,,Ref: sales_id=317,2024-07-04 17:45:44
894,76,3,SALE,-1,45,,Ref: sales_id=328,2024-07-13 14:24:10
895,76,1,RESTOCK,8,53,287.0,Stock received from supplier,2024-09-11 09:00:00
896,76,3,SALE,-1,52,,Ref: sales_id=560,2024-11-26 16:46:49
897,76,1,RESTOCK,9,61,288.0,Stock received from supplier,2024-11-29 09:00:00
898,76,3,SALE,-2,59,,Ref: sales_id=630,2024-11-29 12:13:48
899,76,4,RETURN,1,60,,Customer return of sales_id=560,2024-12-01 16:46:49
900,76,4,SALE,-1,59,,Ref: sales_id=815,2025-01-02 09:52:29
901,76,1,RESTOCK,9,68,290.0,Stock received from supplier,2025-05-15 09:00:00
902,76,4,SALE,-1,67,,Ref: sales_id=1130,2025-05-16 14:06:04
903,76,2,SALE,-1,66,,Ref: sales_id=1181,2025-06-12 09:43:07
904,76,1,RESTOCK,10,76,291.0,Stock received from supplier,2025-08-11 09:00:00
905,76,2,SALE,-76,0,,Ref: sales_id=1345,2025-10-09 09:31:50
906,76,1,RESTOCK,9,9,292.0,Stock received from supplier,2025-11-06 09:00:00
907,76,3,SALE,-1,8,,Ref: sales_id=1412,2025-12-17 12:45:02
908,77,1,MANUAL_ADJUSTMENT,10,10,,Initial stock load (system go-live),2024-01-01 07:00:00
909,77,1,RESTOCK,10,20,293.0,Stock received from supplier,2024-01-08 09:00:00
910,77,2,SALE,-1,19,,Ref: sales_id=96,2024-02-08 17:17:10
911,77,2,SALE,-1,18,,Ref: sales_id=247,2024-05-30 11:03:02
912,77,3,SALE,-1,17,,Ref: sales_id=811,2024-12-27 17:29:41
913,77,2,SALE,-1,16,,Ref: sales_id=1001,2025-02-18 09:33:07
914,77,2,SALE,-1,15,,Ref: sales_id=1096,2025-05-02 16:26:41
915,77,1,RESTOCK,12,27,294.0,Stock received from supplier,2025-05-24 09:00:00
916,77,3,SALE,-1,26,,Ref: sales_id=1185,2025-06-18 14:44:41
917,78,1,MANUAL_ADJUSTMENT,10,10,,Initial stock load (system go-live),2024-01-01 07:00:00
918,78,1,RESTOCK,8,18,295.0,Stock received from supplier,2024-01-24 09:00:00
919,78,2,SALE,-1,17,,Ref: sales_id=128,2024-02-24 10:31:46
920,78,3,SALE,-1,16,,Ref: sales_id=229,2024-05-20 14:35:22
921,78,3,SALE,-1,15,,Ref: sales_id=347,2024-07-26 16:50:48
922,78,4,SALE,-1,14,,Ref: sales_id=348,2024-07-29 08:04:46
923,78,4,SALE,-5,9,,Ref: sales_id=388,2024-08-28 15:20:43
924,78,3,SALE,-1,8,,Ref: sales_id=399,2024-09-05 16:08:47
925,78,2,SALE,-1,7,,Ref: sales_id=537,2024-11-15 10:19:10
926,78,2,SALE,-1,6,,Ref: sales_id=700,2024-12-05 15:10:27
927,78,1,RESTOCK,10,16,296.0,Stock received from supplier,2025-02-11 09:00:00
928,78,2,SALE,-1,15,,Ref: sales_id=1123,2025-05-15 13:22:03
929,78,3,SALE,-1,14,,Ref: sales_id=1178,2025-06-10 17:03:57
930,78,4,SALE,-5,9,,Ref: sales_id=1203,2025-06-27 08:44:16
931,79,1,MANUAL_ADJUSTMENT,10,10,,Initial stock load (system go-live),2024-01-01 07:00:00
932,79,4,SALE,-2,8,,Ref: sales_id=3,2024-01-03 16:45:56
933,79,3,SALE,-1,7,,Ref: sales_id=22,2024-01-17 08:34:53
934,79,2,SALE,-1,6,,Ref: sales_id=222,2024-05-17 12:23:26
935,79,3,SALE,-1,5,,Ref: sales_id=281,2024-06-15 10:30:04
936,79,4,SALE,-1,4,,Ref: sales_id=425,2024-09-20 13:44:33
937,79,3,SALE,-1,3,,Ref: sales_id=416,2024-09-20 13:54:52
938,79,3,SALE,-1,2,,Ref: sales_id=422,2024-09-20 14:40:05
939,79,4,SALE,-1,1,,Ref: sales_id=433,2024-09-21 16:15:57
940,79,4,SALE,-1,0,,Ref: sales_id=916,2025-01-31 10:23:24
941,79,2,SALE,0,0,,Ref: sales_id=1151,2025-05-26 12:23:53
942,79,1,RESTOCK,14,14,298.0,Stock received from supplier,2025-06-13 09:00:00
943,79,4,SALE,-1,13,,Ref: sales_id=1353,2025-10-14 16:10:41
944,80,1,MANUAL_ADJUSTMENT,10,10,,Initial stock load (system go-live),2024-01-01 07:00:00
945,80,1,RESTOCK,11,21,299.0,Stock received from supplier,2024-01-14 09:00:00
946,80,2,SALE,-1,20,,Ref: sales_id=989,2025-02-17 11:22:58
947,80,2,SALE,-2,18,,Ref: sales_id=990,2025-02-17 11:36:19
948,80,1,RESTOCK,8,26,300.0,Stock received from supplier,2025-05-25 09:00:00
949,80,2,SALE,-1,25,,Ref: sales_id=1413,2025-12-18 13:16:05
950,81,1,MANUAL_ADJUSTMENT,10,10,,Initial stock load (system go-live),2024-01-01 07:00:00
951,81,1,RESTOCK,13,23,301.0,Stock received from supplier,2024-01-21 09:00:00
952,81,3,SALE,-1,22,,Ref: sales_id=342,2024-07-23 15:37:30
953,81,2,SALE,-1,21,,Ref: sales_id=1006,2025-02-24 10:05:29
954,81,1,RESTOCK,8,29,302.0,Stock received from supplier,2025-06-07 09:00:00
955,82,1,MANUAL_ADJUSTMENT,10,10,,Initial stock load (system go-live),2024-01-01 07:00:00
956,82,1,RESTOCK,12,22,303.0,Stock received from supplier,2024-01-15 09:00:00
957,82,2,SALE,-1,21,,Ref: sales_id=113,2024-02-16 16:54:30
958,82,1,RESTOCK,14,35,304.0,Stock received from supplier,2025-05-25 09:00:00
959,83,1,MANUAL_ADJUSTMENT,10,10,,Initial stock load (system go-live),2024-01-01 07:00:00
960,83,1,RESTOCK,14,24,305.0,Stock received from supplier,2024-01-19 09:00:00
961,83,3,SALE,-1,23,,Ref: sales_id=380,2024-08-16 17:42:57
962,83,2,SALE,-1,22,,Ref: sales_id=549,2024-11-20 08:22:08
963,83,3,SALE,-1,21,,Ref: sales_id=735,2024-12-15 10:44:15
964,83,4,SALE,-1,20,,Ref: sales_id=793,2024-12-22 08:15:17
965,83,2,SALE,-1,19,,Ref: sales_id=972,2025-02-12 11:38:44
966,83,2,SALE,-10,9,,Ref: sales_id=1058,2025-03-21 15:09:17
967,83,1,RESTOCK,13,22,306.0,Stock received from supplier,2025-04-18 09:00:00
968,83,3,SALE,-1,21,,Ref: sales_id=1229,2025-07-08 09:32:40
969,84,1,MANUAL_ADJUSTMENT,10,10,,Initial stock load (system go-live),2024-01-01 07:00:00
970,84,1,RESTOCK,8,18,307.0,Stock received from supplier,2024-01-17 09:00:00
971,84,1,RESTOCK,10,28,308.0,Stock received from supplier,2024-10-27 09:00:00
972,84,3,SALE,-7,21,,Ref: sales_id=600,2024-11-28 13:47:26
973,84,4,SALE,-7,14,,Ref: sales_id=592,2024-11-28 16:34:45
974,84,4,SALE,-6,8,,Ref: sales_id=778,2024-12-19 11:17:16
975,84,4,SALE,-6,2,,Ref: sales_id=1125,2025-05-15 10:33:56
976,84,1,RESTOCK,8,10,309.0,Stock received from supplier,2025-08-07 09:00:00
977,85,1,MANUAL_ADJUSTMENT,10,10,,Initial stock load (system go-live),2024-01-01 07:00:00
978,85,1,RESTOCK,9,19,310.0,Stock received from supplier,2024-01-27 09:00:00
979,85,3,SALE,-2,17,,Ref: sales_id=585,2024-11-28 12:34:14
980,85,3,SALE,-2,15,,Ref: sales_id=574,2024-11-28 15:09:07
981,85,4,SALE,-2,13,,Ref: sales_id=604,2024-11-28 15:52:25
982,85,2,SALE,-2,11,,Ref: sales_id=607,2024-11-29 12:13:28
983,85,2,SALE,-2,9,,Ref: sales_id=615,2024-11-29 14:58:40
984,85,2,SALE,-2,7,,Ref: sales_id=640,2024-11-29 15:28:58
985,85,3,RETURN,2,9,,Customer return of sales_id=640,2024-12-02 15:28:58
986,85,3,SALE,-1,8,,Ref: sales_id=747,2024-12-15 14:50:46
987,85,3,SALE,-1,7,,Ref: sales_id=774,2024-12-18 12:17:25
988,85,4,SALE,-1,6,,Ref: sales_id=788,2024-12-22 17:04:56
989,85,1,RESTOCK,10,16,311.0,Stock received from supplier,2025-02-17 09:00:00
990,85,2,SALE,-2,14,,Ref: sales_id=1307,2025-08-17 17:33:22
991,85,2,SALE,-2,12,,Ref: sales_id=1392,2025-12-01 15:21:31
992,86,1,MANUAL_ADJUSTMENT,10,10,,Initial stock load (system go-live),2024-01-01 07:00:00
993,86,1,RESTOCK,11,21,312.0,Stock received from supplier,2024-01-14 09:00:00
994,86,1,RESTOCK,8,29,313.0,Stock received from supplier,2024-08-11 09:00:00
995,86,2,SALE,-7,22,,Ref: sales_id=570,2024-11-28 16:53:37
996,86,2,SALE,-14,8,,Ref: sales_id=629,2024-11-29 17:03:19
997,86,1,RESTOCK,10,18,314.0,Stock received from supplier,2025-03-05 09:00:00
998,86,3,SALE,-14,4,,Ref: sales_id=1103,2025-05-05 10:56:02
999,86,1,RESTOCK,11,15,315.0,Stock received from supplier,2025-09-30 09:00:00
1000,87,1,MANUAL_ADJUSTMENT,10,10,,Initial stock load (system go-live),2024-01-01 07:00:00
1001,87,1,RESTOCK,9,19,316.0,Stock received from supplier,2024-01-13 09:00:00
1002,87,4,SALE,-1,18,,Ref: sales_id=817,2025-01-02 09:19:10
1003,87,1,RESTOCK,13,31,317.0,Stock received from supplier,2025-05-24 09:00:00
1004,88,1,MANUAL_ADJUSTMENT,10,10,,Initial stock load (system go-live),2024-01-01 07:00:00
1005,88,1,RESTOCK,12,22,318.0,Stock received from supplier,2024-01-18 09:00:00
1006,88,2,SALE,-1,21,,Ref: sales_id=656,2024-11-30 11:54:53
1007,88,2,SALE,-1,20,,Ref: sales_id=787,2024-12-22 17:36:50
1008,89,1,MANUAL_ADJUSTMENT,10,10,,Initial stock load (system go-live),2024-01-01 07:00:00
1009,89,1,RESTOCK,9,19,320.0,Stock received from supplier,2024-01-15 09:00:00
1010,89,2,SALE,-1,18,,Ref: sales_id=69,2024-01-26 11:14:53
1011,89,4,SALE,-1,17,,Ref: sales_id=995,2025-02-17 09:48:39
1012,89,3,SALE,-1,16,,Ref: sales_id=1060,2025-03-24 09:05:34
1013,89,1,RESTOCK,11,27,321.0,Stock received from supplier,2025-05-31 09:00:00
1014,89,2,SALE,-1,26,,Ref: sales_id=1206,2025-07-02 15:15:10
1015,89,4,SALE,-1,25,,Ref: sales_id=1388,2025-11-13 12:08:40
1016,90,1,MANUAL_ADJUSTMENT,10,10,,Initial stock load (system go-live),2024-01-01 07:00:00
1017,90,1,RESTOCK,12,22,322.0,Stock received from supplier,2024-01-09 09:00:00
1018,90,3,SALE,-3,19,,Ref: sales_id=597,2024-11-28 09:55:41
1019,90,1,RESTOCK,9,28,323.0,Stock received from supplier,2025-05-19 09:00:00
1020,90,4,SALE,-3,25,,Ref: sales_id=1325,2025-08-28 11:32:50
1021,91,1,MANUAL_ADJUSTMENT,10,10,,Initial stock load (system go-live),2024-01-01 07:00:00
1022,91,1,RESTOCK,8,18,324.0,Stock received from supplier,2024-01-16 09:00:00
1023,91,2,SALE,-1,17,,Ref: sales_id=785,2024-12-21 13:04:12
1024,91,1,RESTOCK,8,25,325.0,Stock received from supplier,2025-05-30 09:00:00
1025,92,1,MANUAL_ADJUSTMENT,10,10,,Initial stock load (system go-live),2024-01-01 07:00:00
1026,92,1,RESTOCK,14,24,326.0,Stock received from supplier,2024-01-11 09:00:00
1027,92,3,SALE,-1,23,,Ref: sales_id=24,2024-01-17 08:49:31
1028,92,4,SALE,-1,22,,Ref: sales_id=105,2024-02-10 15:07:50
1029,92,1,RESTOCK,13,35,327.0,Stock received from supplier,2025-05-23 09:00:00
1030,93,1,MANUAL_ADJUSTMENT,10,10,,Initial stock load (system go-live),2024-01-01 07:00:00
1031,93,1,RESTOCK,11,21,328.0,Stock received from supplier,2024-01-17 09:00:00
1032,93,3,SALE,-1,20,,Ref: sales_id=895,2025-01-24 15:36:53
1033,93,1,RESTOCK,11,31,329.0,Stock received from supplier,2025-05-29 09:00:00
1034,94,1,MANUAL_ADJUSTMENT,10,10,,Initial stock load (system go-live),2024-01-01 07:00:00
1035,94,1,RESTOCK,14,24,330.0,Stock received from supplier,2024-01-15 09:00:00
1036,94,2,SALE,-1,23,,Ref: sales_id=568,2024-11-28 16:00:47
1037,95,1,MANUAL_ADJUSTMENT,10,10,,Initial stock load (system go-live),2024-01-01 07:00:00
1038,95,1,RESTOCK,10,20,332.0,Stock received from supplier,2024-01-18 09:00:00
1039,95,4,SALE,-1,19,,Ref: sales_id=593,2024-11-28 14:03:38
1040,96,1,MANUAL_ADJUSTMENT,10,10,,Initial stock load (system go-live),2024-01-01 07:00:00
1041,96,3,SALE,-1,9,,Ref: sales_id=312,2024-07-04 16:54:27
1042,97,1,MANUAL_ADJUSTMENT,10,10,,Initial stock load (system go-live),2024-01-01 07:00:00
1043,97,1,RESTOCK,13,23,336.0,Stock received from supplier,2024-01-08 09:00:00
1044,97,2,SALE,-1,22,,Ref: sales_id=437,2024-09-23 12:25:08
1045,97,4,SALE,-1,21,,Ref: sales_id=1062,2025-03-24 14:07:03
1046,97,4,RETURN,1,22,,Customer return of sales_id=1062,2025-03-28 14:07:03
1047,97,1,RESTOCK,9,31,337.0,Stock received from supplier,2025-05-24 09:00:00
1048,98,1,MANUAL_ADJUSTMENT,10,10,,Initial stock load (system go-live),2024-01-01 07:00:00
1049,98,1,RESTOCK,9,19,338.0,Stock received from supplier,2024-01-14 09:00:00
1050,98,4,SALE,-5,14,,Ref: sales_id=175,2024-04-12 10:37:08
1051,98,4,SALE,-1,13,,Ref: sales_id=269,2024-06-07 14:28:32
1052,98,3,SALE,-1,12,,Ref: sales_id=352,2024-07-30 08:04:32
1053,98,2,SALE,-1,11,,Ref: sales_id=417,2024-09-20 14:25:14
1054,98,2,SALE,-1,10,,Ref: sales_id=430,2024-09-21 10:09:34
1055,98,1,RESTOCK,14,24,339.0,Stock received from supplier,2025-05-25 09:00:00
1056,98,4,SALE,-5,19,,Ref: sales_id=1163,2025-05-31 09:58:15
1057,99,1,MANUAL_ADJUSTMENT,10,10,,Initial stock load (system go-live),2024-01-01 07:00:00
1058,99,1,RESTOCK,10,20,340.0,Stock received from supplier,2024-01-11 09:00:00
1059,99,2,SALE,-1,19,,Ref: sales_id=715,2024-12-10 08:09:03
1060,99,1,RESTOCK,13,32,341.0,Stock received from supplier,2025-05-30 09:00:00
1061,100,1,MANUAL_ADJUSTMENT,10,10,,Initial stock load (system go-live),2024-01-01 07:00:00
1062,100,1,RESTOCK,10,20,342.0,Stock received from supplier,2024-01-13 09:00:00
1063,100,3,SALE,-2,18,,Ref: sales_id=448,2024-09-26 11:24:04
1064,100,3,RETURN,2,20,,Customer return of sales_id=448,2024-10-02 11:24:04
1065,100,3,SALE,-2,18,,Ref: sales_id=898,2025-01-24 12:22:13
1066,100,1,RESTOCK,12,30,343.0,Stock received from supplier,2025-06-01 09:00:00
1067,100,3,SALE,-2,28,,Ref: sales_id=1227,2025-07-08 10:05:06
1068,101,1,MANUAL_ADJUSTMENT,10,10,,Initial stock load (system go-live),2024-01-01 07:00:00
1069,101,1,RESTOCK,14,24,344.0,Stock received from supplier,2024-01-16 09:00:00
1070,101,3,SALE,-1,23,,Ref: sales_id=215,2024-05-15 13:39:45
1071,101,1,RESTOCK,12,35,345.0,Stock received from supplier,2025-05-29 09:00:00
1072,102,1,MANUAL_ADJUSTMENT,10,10,,Initial stock load (system go-live),2024-01-01 07:00:00
1073,102,3,SALE,-1,9,,Ref: sales_id=13,2024-01-11 11:39:59
1074,102,3,SALE,-2,7,,Ref: sales_id=52,2024-01-23 16:53:36
1075,102,2,SALE,-1,6,,Ref: sales_id=65,2024-01-25 16:31:24
1076,102,3,RETURN,1,7,,Customer return of sales_id=65,2024-01-28 16:31:24
1077,102,4,SALE,-7,0,,Ref: sales_id=279,2024-06-14 11:38:45
1078,102,1,RESTOCK,8,8,347.0,Stock received from supplier,2024-10-08 09:00:00
1079,102,2,SALE,-1,7,,Ref: sales_id=611,2024-11-29 11:59:48
1080,102,4,SALE,-2,5,,Ref: sales_id=693,2024-12-04 10:41:01
1081,102,2,SALE,-5,0,,Ref: sales_id=782,2024-12-21 14:33:52
1082,102,2,SALE,0,0,,Ref: sales_id=1082,2025-03-29 10:40:22
1083,102,4,SALE,0,0,,Ref: sales_id=1164,2025-05-31 14:36:19
1084,102,1,RESTOCK,11,11,348.0,Stock received from supplier,2025-07-06 09:00:00
1085,102,4,SALE,-1,10,,Ref: sales_id=1310,2025-08-19 12:34:04
1086,103,1,MANUAL_ADJUSTMENT,10,10,,Initial stock load (system go-live),2024-01-01 07:00:00
1087,103,1,RESTOCK,14,24,349.0,Stock received from supplier,2024-01-14 09:00:00
1088,103,2,SALE,-1,23,,Ref: sales_id=99,2024-02-09 13:56:48
1089,103,2,SALE,-1,22,,Ref: sales_id=116,2024-02-21 17:35:22
1090,103,2,SALE,-1,21,,Ref: sales_id=198,2024-04-29 11:23:52
1091,103,3,SALE,-1,20,,Ref: sales_id=227,2024-05-20 08:41:41
1092,103,2,SALE,-1,19,,Ref: sales_id=1053,2025-03-18 15:48:09
1093,103,1,RESTOCK,13,32,350.0,Stock received from supplier,2025-05-24 09:00:00
1094,103,3,SALE,-1,31,,Ref: sales_id=1302,2025-08-14 17:43:18
1095,104,1,MANUAL_ADJUSTMENT,10,10,,Initial stock load (system go-live),2024-01-01 07:00:00
1096,104,1,RESTOCK,12,22,351.0,Stock received from supplier,2024-01-25 09:00:00
1097,104,2,SALE,-1,21,,Ref: sales_id=721,2024-12-13 12:47:02
1098,105,1,MANUAL_ADJUSTMENT,10,10,,Initial stock load (system go-live),2024-01-01 07:00:00
1099,105,1,RESTOCK,8,18,353.0,Stock received from supplier,2024-01-18 09:00:00
1100,105,3,SALE,-1,17,,Ref: sales_id=777,2024-12-19 14:44:21
1101,105,1,RESTOCK,11,28,354.0,Stock received from supplier,2025-05-28 09:00:00
1102,106,1,MANUAL_ADJUSTMENT,10,10,,Initial stock load (system go-live),2024-01-01 07:00:00
1103,106,3,SALE,-1,9,,Ref: sales_id=888,2025-01-23 17:23:16
1104,106,1,RESTOCK,11,20,356.0,Stock received from supplier,2025-05-31 09:00:00
1105,107,1,MANUAL_ADJUSTMENT,10,10,,Initial stock load (system go-live),2024-01-01 07:00:00
1106,107,1,RESTOCK,13,23,357.0,Stock received from supplier,2024-01-20 09:00:00
1107,107,3,SALE,-2,21,,Ref: sales_id=826,2025-01-10 13:31:10
1108,108,1,MANUAL_ADJUSTMENT,10,10,,Initial stock load (system go-live),2024-01-01 07:00:00
1109,108,3,SALE,-1,9,,Ref: sales_id=154,2024-03-16 14:12:31
1110,108,2,SALE,-1,8,,Ref: sales_id=845,2025-01-15 09:28:37
1111,108,1,RESTOCK,14,22,360.0,Stock received from supplier,2025-06-05 09:00:00
1112,109,1,MANUAL_ADJUSTMENT,10,10,,Initial stock load (system go-live),2024-01-01 07:00:00
1113,109,1,RESTOCK,13,23,361.0,Stock received from supplier,2024-01-14 09:00:00
1114,109,3,SALE,-3,20,,Ref: sales_id=359,2024-08-03 10:49:00
1115,109,4,SALE,-12,8,,Ref: sales_id=581,2024-11-28 16:49:49
1116,109,2,SALE,-8,0,,Ref: sales_id=744,2024-12-15 15:25:27
1117,109,1,RESTOCK,11,11,363.0,Stock received from supplier,2025-08-14 09:00:00
1118,110,1,MANUAL_ADJUSTMENT,10,10,,Initial stock load (system go-live),2024-01-01 07:00:00
1119,110,1,RESTOCK,9,19,364.0,Stock received from supplier,2024-01-15 09:00:00
1120,110,3,SALE,-1,18,,Ref: sales_id=318,2024-07-11 09:45:56
1121,110,1,RESTOCK,9,27,365.0,Stock received from supplier,2025-05-30 09:00:00
1122,110,2,SALE,-1,26,,Ref: sales_id=1430,2025-12-29 12:18:48
1123,111,1,MANUAL_ADJUSTMENT,10,10,,Initial stock load (system go-live),2024-01-01 07:00:00
1124,111,1,RESTOCK,11,21,366.0,Stock received from supplier,2024-01-07 09:00:00
1125,111,3,SALE,-1,20,,Ref: sales_id=476,2024-10-16 16:33:00
1126,112,1,MANUAL_ADJUSTMENT,10,10,,Initial stock load (system go-live),2024-01-01 07:00:00
1127,112,4,SALE,-1,9,,Ref: sales_id=438,2024-09-23 11:53:51
1128,113,1,MANUAL_ADJUSTMENT,10,10,,Initial stock load (system go-live),2024-01-01 07:00:00
1129,113,4,SALE,-1,9,,Ref: sales_id=857,2025-01-16 12:15:25
1130,113,1,RESTOCK,10,19,371.0,Stock received from supplier,2025-05-26 09:00:00
1131,113,3,SALE,-1,18,,Ref: sales_id=1199,2025-06-25 17:37:30
1132,114,1,MANUAL_ADJUSTMENT,10,10,,Initial stock load (system go-live),2024-01-01 07:00:00
1133,114,1,RESTOCK,10,20,372.0,Stock received from supplier,2024-01-22 09:00:00
1134,114,3,SALE,-1,19,,Ref: sales_id=136,2024-03-01 13:51:05
1135,114,3,SALE,-1,18,,Ref: sales_id=1171,2025-06-03 14:24:39
1136,114,1,RESTOCK,10,28,373.0,Stock received from supplier,2025-06-04 09:00:00
1137,114,2,DAMAGED_LOST,-3,25,,Damaged/lost during handling (periodic check),2025-08-02 00:00:00
1138,115,1,MANUAL_ADJUSTMENT,10,10,,Initial stock load (system go-live),2024-01-01 07:00:00
1139,115,1,RESTOCK,10,20,374.0,Stock received from supplier,2024-01-14 09:00:00
1140,115,3,SALE,-1,19,,Ref: sales_id=406,2024-09-14 13:22:00
1141,115,3,SALE,-1,18,,Ref: sales_id=1313,2025-08-20 17:00:02
1142,116,1,MANUAL_ADJUSTMENT,10,10,,Initial stock load (system go-live),2024-01-01 07:00:00
1143,116,1,RESTOCK,14,24,376.0,Stock received from supplier,2024-01-20 09:00:00
1144,116,3,SALE,-1,23,,Ref: sales_id=268,2024-06-06 13:27:53
1145,116,1,RESTOCK,11,34,377.0,Stock received from supplier,2025-06-01 09:00:00
1146,117,1,MANUAL_ADJUSTMENT,10,10,,Initial stock load (system go-live),2024-01-01 07:00:00
1147,117,1,RESTOCK,13,23,378.0,Stock received from supplier,2024-01-16 09:00:00
1148,117,2,SALE,-1,22,,Ref: sales_id=97,2024-02-08 12:19:31
1149,117,2,SALE,-1,21,,Ref: sales_id=177,2024-04-12 14:49:38
1150,117,2,SALE,-1,20,,Ref: sales_id=178,2024-04-13 09:23:09
1151,117,2,SALE,-2,18,,Ref: sales_id=219,2024-05-15 14:20:47
1152,117,3,SALE,-1,17,,Ref: sales_id=467,2024-10-11 12:36:09
1153,117,2,SALE,-1,16,,Ref: sales_id=542,2024-11-18 13:59:35
1154,117,4,SALE,-2,14,,Ref: sales_id=675,2024-12-03 10:15:12
1155,117,4,SALE,-2,12,,Ref: sales_id=690,2024-12-04 13:20:54
1156,117,3,SALE,-1,11,,Ref: sales_id=763,2024-12-16 10:26:22
1157,117,4,SALE,-1,10,,Ref: sales_id=755,2024-12-16 14:57:41
1158,117,1,RESTOCK,13,23,379.0,Stock received from supplier,2025-04-19 09:00:00
1159,117,4,SALE,-1,22,,Ref: sales_id=1154,2025-05-26 16:31:29
1160,117,3,SALE,-1,21,,Ref: sales_id=1263,2025-07-29 12:44:23
1161,117,4,SALE,-1,20,,Ref: sales_id=1351,2025-10-14 10:06:32
1162,118,1,MANUAL_ADJUSTMENT,10,10,,Initial stock load (system go-live),2024-01-01 07:00:00
1163,118,1,RESTOCK,11,21,380.0,Stock received from supplier,2024-01-17 09:00:00
1164,118,3,SALE,-1,20,,Ref: sales_id=168,2024-04-01 15:48:03
1165,118,1,RESTOCK,11,31,381.0,Stock received from supplier,2025-05-26 09:00:00
1166,119,1,MANUAL_ADJUSTMENT,10,10,,Initial stock load (system go-live),2024-01-01 07:00:00
1167,119,2,SALE,-1,9,,Ref: sales_id=341,2024-07-23 08:53:07
1168,119,2,SALE,-1,8,,Ref: sales_id=966,2025-02-12 11:23:00
1169,119,1,RESTOCK,8,16,383.0,Stock received from supplier,2025-05-28 09:00:00
1170,119,3,SALE,-1,15,,Ref: sales_id=1429,2025-12-28 10:26:36
1171,120,1,MANUAL_ADJUSTMENT,10,10,,Initial stock load (system go-live),2024-01-01 07:00:00
1172,120,1,RESTOCK,8,18,384.0,Stock received from supplier,2024-01-15 09:00:00
1173,120,4,SALE,-1,17,,Ref: sales_id=207,2024-05-10 11:48:33
1174,120,1,RESTOCK,12,29,385.0,Stock received from supplier,2025-05-24 09:00:00
1175,121,1,MANUAL_ADJUSTMENT,10,10,,Initial stock load (system go-live),2024-01-01 07:00:00
1176,121,1,RESTOCK,14,24,386.0,Stock received from supplier,2024-01-28 09:00:00
1177,121,4,SALE,-1,23,,Ref: sales_id=90,2024-02-06 16:37:10
1178,121,1,RESTOCK,10,33,387.0,Stock received from supplier,2025-06-12 09:00:00
1179,122,1,MANUAL_ADJUSTMENT,10,10,,Initial stock load (system go-live),2024-01-01 07:00:00
1180,122,1,RESTOCK,14,24,388.0,Stock received from supplier,2024-01-20 09:00:00
1181,122,3,SALE,-1,23,,Ref: sales_id=1057,2025-03-21 17:21:28
1182,123,1,MANUAL_ADJUSTMENT,10,10,,Initial stock load (system go-live),2024-01-01 07:00:00
1183,123,1,RESTOCK,9,19,390.0,Stock received from supplier,2024-01-16 09:00:00
1184,123,3,SALE,-1,18,,Ref: sales_id=959,2025-02-10 16:59:40
1185,123,1,RESTOCK,10,28,391.0,Stock received from supplier,2025-05-28 09:00:00
1186,123,4,SALE,-1,27,,Ref: sales_id=1298,2025-08-12 12:25:24
1187,124,1,MANUAL_ADJUSTMENT,10,10,,Initial stock load (system go-live),2024-01-01 07:00:00
1188,124,1,RESTOCK,13,23,392.0,Stock received from supplier,2024-01-08 09:00:00
1189,124,4,SALE,-1,22,,Ref: sales_id=865,2025-01-20 14:41:08
1190,124,4,SALE,-1,21,,Ref: sales_id=922,2025-01-31 08:45:34
1191,124,1,RESTOCK,9,30,393.0,Stock received from supplier,2025-05-23 09:00:00
1192,125,1,MANUAL_ADJUSTMENT,10,10,,Initial stock load (system go-live),2024-01-01 07:00:00
1193,125,2,SALE,-1,9,,Ref: sales_id=561,2024-11-27 08:09:03
1194,125,1,RESTOCK,11,20,395.0,Stock received from supplier,2025-05-31 09:00:00
1195,126,1,MANUAL_ADJUSTMENT,10,10,,Initial stock load (system go-live),2024-01-01 07:00:00
1196,126,1,RESTOCK,9,19,396.0,Stock received from supplier,2024-01-17 09:00:00
1197,126,4,DAMAGED_LOST,-3,16,,Damaged/lost during handling (periodic check),2024-03-02 00:00:00
1198,126,3,SALE,-1,15,,Ref: sales_id=821,2025-01-08 09:14:30
1199,126,3,SALE,-1,14,,Ref: sales_id=822,2025-01-08 09:50:59
1200,127,1,MANUAL_ADJUSTMENT,10,10,,Initial stock load (system go-live),2024-01-01 07:00:00
1201,127,2,SALE,-1,9,,Ref: sales_id=14,2024-01-11 14:09:33
1202,127,1,RESTOCK,10,19,398.0,Stock received from supplier,2024-01-23 09:00:00
1203,127,1,RESTOCK,11,30,399.0,Stock received from supplier,2025-06-07 09:00:00
1204,128,1,MANUAL_ADJUSTMENT,10,10,,Initial stock load (system go-live),2024-01-01 07:00:00
1205,128,1,RESTOCK,14,24,400.0,Stock received from supplier,2024-01-21 09:00:00
1206,128,1,MANUAL_ADJUSTMENT,2,26,,Stocktake correction,2024-03-08 00:00:00
1207,128,2,SALE,-1,25,,Ref: sales_id=892,2025-01-23 13:34:24
1208,128,3,SALE,-1,24,,Ref: sales_id=891,2025-01-23 16:57:22
1209,128,1,RESTOCK,8,32,401.0,Stock received from supplier,2025-06-03 09:00:00
1210,129,1,MANUAL_ADJUSTMENT,10,10,,Initial stock load (system go-live),2024-01-01 07:00:00
1211,129,1,RESTOCK,9,19,402.0,Stock received from supplier,2024-01-21 09:00:00
1212,129,4,SALE,-1,18,,Ref: sales_id=451,2024-09-26 08:38:54
1213,129,1,RESTOCK,12,30,403.0,Stock received from supplier,2025-06-01 09:00:00
1214,130,1,MANUAL_ADJUSTMENT,10,10,,Initial stock load (system go-live),2024-01-01 07:00:00
1215,130,1,RESTOCK,12,22,404.0,Stock received from supplier,2024-01-20 09:00:00
1216,130,1,RESTOCK,13,35,405.0,Stock received from supplier,2024-10-06 09:00:00
1217,130,4,SALE,-14,21,,Ref: sales_id=635,2024-11-29 11:13:50
1218,130,1,RESTOCK,11,32,406.0,Stock received from supplier,2025-06-26 09:00:00
1219,130,2,SALE,-14,18,,Ref: sales_id=1271,2025-07-31 12:24:17
1220,131,1,MANUAL_ADJUSTMENT,10,10,,Initial stock load (system go-live),2024-01-01 07:00:00
1221,131,1,RESTOCK,11,21,407.0,Stock received from supplier,2024-01-24 09:00:00
1222,131,2,SALE,-1,20,,Ref: sales_id=117,2024-02-22 13:46:04
1223,131,2,SALE,-1,19,,Ref: sales_id=244,2024-05-27 15:03:12
1224,131,2,SALE,-1,18,,Ref: sales_id=398,2024-09-05 08:20:36
1225,131,2,SALE,-1,17,,Ref: sales_id=519,2024-11-04 08:02:38
1226,131,1,RESTOCK,9,26,408.0,Stock received from supplier,2025-06-07 09:00:00
1227,132,1,MANUAL_ADJUSTMENT,10,10,,Initial stock load (system go-live),2024-01-01 07:00:00
1228,132,1,RESTOCK,10,20,409.0,Stock received from supplier,2024-01-18 09:00:00
1229,132,4,SALE,-1,19,,Ref: sales_id=278,2024-06-14 08:32:55
1230,132,4,SALE,-2,17,,Ref: sales_id=330,2024-07-13 12:56:33
1231,132,4,SALE,-7,10,,Ref: sales_id=871,2025-01-22 09:48:23
1232,132,1,RESTOCK,12,22,410.0,Stock received from supplier,2025-05-27 09:00:00
1233,132,4,SALE,-1,21,,Ref: sales_id=1308,2025-08-17 16:07:12
1234,132,4,SALE,-1,20,,Ref: sales_id=1323,2025-08-26 12:43:50
1235,133,1,MANUAL_ADJUSTMENT,10,10,,Initial stock load (system go-live),2024-01-01 07:00:00
1236,133,1,RESTOCK,8,18,411.0,Stock received from supplier,2024-01-16 09:00:00
1237,133,2,SALE,-4,14,,Ref: sales_id=155,2024-03-18 09:50:34
1238,133,4,SALE,-6,8,,Ref: sales_id=157,2024-03-19 10:18:36
1239,133,1,RESTOCK,11,19,412.0,Stock received from supplier,2025-06-01 09:00:00
1240,133,4,SALE,-4,15,,Ref: sales_id=1425,2025-12-27 14:29:11
1241,134,1,MANUAL_ADJUSTMENT,10,10,,Initial stock load (system go-live),2024-01-01 07:00:00
1242,134,1,RESTOCK,14,24,413.0,Stock received from supplier,2024-01-23 09:00:00
1243,134,3,SALE,-1,23,,Ref: sales_id=1357,2025-10-16 15:41:26
1244,135,1,MANUAL_ADJUSTMENT,10,10,,Initial stock load (system go-live),2024-01-01 07:00:00
1245,135,1,RESTOCK,9,19,415.0,Stock received from supplier,2024-01-10 09:00:00
1246,135,3,SALE,-12,7,,Ref: sales_id=670,2024-11-30 08:26:25
1247,135,4,SALE,-1,6,,Ref: sales_id=1342,2025-10-06 12:49:08
1248,136,1,MANUAL_ADJUSTMENT,10,10,,Initial stock load (system go-live),2024-01-01 07:00:00
1249,136,1,RESTOCK,14,24,417.0,Stock received from supplier,2024-01-13 09:00:00
1250,136,4,SALE,-1,23,,Ref: sales_id=267,2024-06-06 08:38:58
1251,136,2,SALE,-1,22,,Ref: sales_id=443,2024-09-25 08:59:25
1252,136,4,SALE,-2,20,,Ref: sales_id=487,2024-10-24 15:38:47
1253,137,1,MANUAL_ADJUSTMENT,10,10,,Initial stock load (system go-live),2024-01-01 07:00:00
1254,137,2,SALE,-1,9,,Ref: sales_id=559,2024-11-23 09:06:46
1255,137,2,SALE,-1,8,,Ref: sales_id=681,2024-12-03 09:37:23
1256,137,1,RESTOCK,10,18,420.0,Stock received from supplier,2025-06-14 09:00:00
1257,137,3,SALE,-1,17,,Ref: sales_id=1269,2025-07-30 12:48:52
1258,138,1,MANUAL_ADJUSTMENT,10,10,,Initial stock load (system go-live),2024-01-01 07:00:00
1259,138,3,SALE,-1,9,,Ref: sales_id=723,2024-12-14 11:55:37
1260,139,1,MANUAL_ADJUSTMENT,10,10,,Initial stock load (system go-live),2024-01-01 07:00:00
1261,139,1,RESTOCK,8,18,423.0,Stock received from supplier,2024-01-16 09:00:00
1262,139,4,SALE,-1,17,,Ref: sales_id=327,2024-07-13 17:51:05
1263,139,1,RESTOCK,13,30,424.0,Stock received from supplier,2025-05-28 09:00:00
1264,140,1,MANUAL_ADJUSTMENT,10,10,,Initial stock load (system go-live),2024-01-01 07:00:00
1265,140,1,RESTOCK,10,20,425.0,Stock received from supplier,2024-01-09 09:00:00
1266,140,1,RESTOCK,8,28,428.0,Stock received from supplier,2025-08-28 09:00:00
1267,141,1,MANUAL_ADJUSTMENT,10,10,,Initial stock load (system go-live),2024-01-01 07:00:00
1268,141,1,RESTOCK,12,22,429.0,Stock received from supplier,2024-01-14 09:00:00
1269,141,1,RESTOCK,9,31,430.0,Stock received from supplier,2024-04-24 09:00:00
1270,141,2,SALE,-26,5,,Ref: sales_id=539,2024-11-15 14:38:34
1271,141,1,RESTOCK,12,17,432.0,Stock received from supplier,2024-11-28 09:00:00
1272,141,4,SALE,-4,13,,Ref: sales_id=809,2024-12-27 15:45:02
1273,141,1,RESTOCK,11,24,433.0,Stock received from supplier,2025-03-09 09:00:00
1274,141,1,RESTOCK,13,37,434.0,Stock received from supplier,2025-06-23 09:00:00
1275,141,2,SALE,-26,11,,Ref: sales_id=1217,2025-07-05 09:09:06
1276,141,1,RESTOCK,12,23,435.0,Stock received from supplier,2025-10-02 09:00:00
1277,141,2,SALE,-13,10,,Ref: sales_id=1376,2025-10-29 13:03:21
1278,142,1,MANUAL_ADJUSTMENT,10,10,,Initial stock load (system go-live),2024-01-01 07:00:00
1279,142,1,RESTOCK,13,23,436.0,Stock received from supplier,2024-01-13 09:00:00
1280,142,4,SALE,-1,22,,Ref: sales_id=145,2024-03-07 12:23:27
1281,143,1,MANUAL_ADJUSTMENT,10,10,,Initial stock load (system go-live),2024-01-01 07:00:00
1282,143,1,RESTOCK,11,21,438.0,Stock received from supplier,2024-01-15 09:00:00
1283,143,2,SALE,-3,18,,Ref: sales_id=1055,2025-03-18 10:21:24
1284,143,1,RESTOCK,8,26,439.0,Stock received from supplier,2025-06-01 09:00:00
1285,144,1,MANUAL_ADJUSTMENT,10,10,,Initial stock load (system go-live),2024-01-01 07:00:00
1286,144,1,RESTOCK,10,20,440.0,Stock received from supplier,2024-01-22 09:00:00
1287,144,3,SALE,-2,18,,Ref: sales_id=200,2024-04-30 14:50:02
1288,144,3,SALE,-10,8,,Ref: sales_id=454,2024-09-26 08:24:43
1289,144,1,RESTOCK,10,18,441.0,Stock received from supplier,2024-10-07 09:00:00
1290,144,4,SALE,-2,16,,Ref: sales_id=676,2024-12-03 13:53:12
1291,144,2,SALE,-1,15,,Ref: sales_id=772,2024-12-17 15:45:21
1292,144,4,SALE,-10,5,,Ref: sales_id=1112,2025-05-09 08:01:51
1293,144,1,RESTOCK,11,16,442.0,Stock received from supplier,2025-06-30 09:00:00
1294,144,4,SALE,-2,14,,Ref: sales_id=1247,2025-07-18 17:06:25
1295,144,4,SALE,-1,13,,Ref: sales_id=1350,2025-10-14 13:59:50
1296,145,1,MANUAL_ADJUSTMENT,10,10,,Initial stock load (system go-live),2024-01-01 07:00:00
1297,145,1,RESTOCK,11,21,443.0,Stock received from supplier,2024-01-10 09:00:00
1298,145,2,SALE,-2,19,,Ref: sales_id=253,2024-06-03 17:59:57
1299,145,3,SALE,-2,17,,Ref: sales_id=397,2024-09-04 09:26:13
1300,145,4,SALE,-4,13,,Ref: sales_id=488,2024-10-24 10:49:40
1301,145,2,SALE,-4,9,,Ref: sales_id=1135,2025-05-18 13:46:10
1302,145,1,RESTOCK,10,19,444.0,Stock received from supplier,2025-05-29 09:00:00
1303,146,1,MANUAL_ADJUSTMENT,10,10,,Initial stock load (system go-live),2024-01-01 07:00:00
1304,146,1,RESTOCK,9,19,445.0,Stock received from supplier,2024-01-18 09:00:00
1305,146,4,SALE,-12,7,,Ref: sales_id=659,2024-11-30 13:34:33
1306,146,1,RESTOCK,10,17,446.0,Stock received from supplier,2025-06-02 09:00:00
1307,147,1,MANUAL_ADJUSTMENT,10,10,,Initial stock load (system go-live),2024-01-01 07:00:00
1308,147,1,RESTOCK,13,23,447.0,Stock received from supplier,2024-01-18 09:00:00
1309,147,4,SALE,-4,19,,Ref: sales_id=208,2024-05-14 14:30:27
1310,148,1,MANUAL_ADJUSTMENT,10,10,,Initial stock load (system go-live),2024-01-01 07:00:00
1311,148,1,RESTOCK,13,23,449.0,Stock received from supplier,2024-01-09 09:00:00
1312,148,2,SALE,-2,21,,Ref: sales_id=64,2024-01-25 08:34:28
1313,148,2,SALE,-1,20,,Ref: sales_id=176,2024-04-12 09:22:25
1314,148,1,RESTOCK,11,31,450.0,Stock received from supplier,2025-05-19 09:00:00
1315,148,2,SALE,-2,29,,Ref: sales_id=1242,2025-07-15 16:11:18
1316,149,1,MANUAL_ADJUSTMENT,10,10,,Initial stock load (system go-live),2024-01-01 07:00:00
1317,149,1,RESTOCK,8,18,451.0,Stock received from supplier,2024-01-09 09:00:00
1318,149,3,SALE,-2,16,,Ref: sales_id=307,2024-07-03 14:38:58
1319,149,1,RESTOCK,8,24,452.0,Stock received from supplier,2025-05-20 09:00:00
1320,149,3,SALE,-2,22,,Ref: sales_id=1258,2025-07-26 17:34:08
1321,150,1,MANUAL_ADJUSTMENT,10,10,,Initial stock load (system go-live),2024-01-01 07:00:00
1322,150,1,RESTOCK,13,23,453.0,Stock received from supplier,2024-01-16 09:00:00
1323,150,1,RESTOCK,9,32,454.0,Stock received from supplier,2025-06-02 09:00:00
1324,150,3,SALE,-1,31,,Ref: sales_id=1362,2025-10-24 16:33:43
1325,151,1,MANUAL_ADJUSTMENT,10,10,,Initial stock load (system go-live),2024-01-01 07:00:00
1326,151,1,RESTOCK,14,24,455.0,Stock received from supplier,2024-01-20 09:00:00
1327,151,1,RESTOCK,8,32,456.0,Stock received from supplier,2024-10-31 09:00:00
1328,151,3,SALE,-7,25,,Ref: sales_id=599,2024-11-28 14:34:21
1329,151,3,SALE,-12,13,,Ref: sales_id=580,2024-11-28 17:16:59
1330,151,4,SALE,-7,6,,Ref: sales_id=1108,2025-05-07 09:04:21
1331,151,1,RESTOCK,13,19,457.0,Stock received from supplier,2025-08-05 09:00:00
1332,152,1,MANUAL_ADJUSTMENT,10,10,,Initial stock load (system go-live),2024-01-01 07:00:00
1333,152,1,RESTOCK,9,19,458.0,Stock received from supplier,2024-01-16 09:00:00
1334,152,2,SALE,-1,18,,Ref: sales_id=264,2024-06-04 10:56:28
1335,152,1,RESTOCK,11,29,459.0,Stock received from supplier,2025-05-25 09:00:00
1336,153,1,MANUAL_ADJUSTMENT,10,10,,Initial stock load (system go-live),2024-01-01 07:00:00
1337,153,1,RESTOCK,11,21,460.0,Stock received from supplier,2024-01-17 09:00:00
1338,153,2,SALE,-1,20,,Ref: sales_id=114,2024-02-16 10:39:49
1339,153,3,SALE,-1,19,,Ref: sales_id=823,2025-01-08 15:52:12
1340,153,1,RESTOCK,11,30,461.0,Stock received from supplier,2025-05-30 09:00:00
1341,154,1,MANUAL_ADJUSTMENT,10,10,,Initial stock load (system go-live),2024-01-01 07:00:00
1342,154,1,RESTOCK,14,24,462.0,Stock received from supplier,2024-01-09 09:00:00
1343,154,4,SALE,-1,23,,Ref: sales_id=452,2024-09-26 12:42:16
1344,154,1,RESTOCK,11,34,463.0,Stock received from supplier,2025-05-28 09:00:00
1345,155,1,MANUAL_ADJUSTMENT,10,10,,Initial stock load (system go-live),2024-01-01 07:00:00
1346,155,2,SALE,-5,5,,Ref: sales_id=344,2024-07-26 12:49:51
1347,155,4,SALE,-5,0,,Ref: sales_id=1095,2025-05-01 15:32:25
1348,155,1,RESTOCK,12,12,465.0,Stock received from supplier,2025-06-05 09:00:00
1349,156,1,MANUAL_ADJUSTMENT,10,10,,Initial stock load (system go-live),2024-01-01 07:00:00
1350,156,2,SALE,-10,0,,Ref: sales_id=807,2024-12-22 12:38:04
1351,157,1,MANUAL_ADJUSTMENT,10,10,,Initial stock load (system go-live),2024-01-01 07:00:00
1352,157,4,SALE,-1,9,,Ref: sales_id=18,2024-01-15 10:46:57
1353,157,1,RESTOCK,9,18,468.0,Stock received from supplier,2024-01-25 09:00:00
1354,157,2,SALE,-1,17,,Ref: sales_id=427,2024-09-20 10:29:17
1355,157,2,SALE,-1,16,,Ref: sales_id=457,2024-10-02 16:15:49
1356,157,2,SALE,-1,15,,Ref: sales_id=696,2024-12-05 16:35:06
1357,157,1,RESTOCK,10,25,469.0,Stock received from supplier,2025-06-12 09:00:00
1358,157,4,SALE,-1,24,,Ref: sales_id=1250,2025-07-23 14:04:30
1359,158,1,MANUAL_ADJUSTMENT,10,10,,Initial stock load (system go-live),2024-01-01 07:00:00
1360,158,1,RESTOCK,12,22,470.0,Stock received from supplier,2024-01-13 09:00:00
1361,158,1,RESTOCK,12,34,471.0,Stock received from supplier,2025-05-23 09:00:00
1362,158,2,SALE,-1,33,,Ref: sales_id=1383,2025-11-05 08:57:52
1363,159,1,MANUAL_ADJUSTMENT,10,10,,Initial stock load (system go-live),2024-01-01 07:00:00
1364,159,3,SALE,-1,9,,Ref: sales_id=273,2024-06-13 09:01:47
1365,159,3,SALE,-1,8,,Ref: sales_id=469,2024-10-14 10:15:38
1366,159,4,SALE,-3,5,,Ref: sales_id=899,2025-01-24 08:58:53
1367,159,2,SALE,-1,4,,Ref: sales_id=1005,2025-02-24 10:25:14
1368,159,4,RETURN,1,5,,Customer return of sales_id=1005,2025-03-05 10:25:14
1369,160,1,MANUAL_ADJUSTMENT,10,10,,Initial stock load (system go-live),2024-01-01 07:00:00
1370,160,1,RESTOCK,13,23,474.0,Stock received from supplier,2024-01-09 09:00:00
1371,160,2,SALE,-1,22,,Ref: sales_id=282,2024-06-15 14:38:30
1372,161,1,MANUAL_ADJUSTMENT,10,10,,Initial stock load (system go-live),2024-01-01 07:00:00
1373,161,1,RESTOCK,9,19,477.0,Stock received from supplier,2025-06-01 09:00:00
1374,161,2,SALE,-1,18,,Ref: sales_id=1387,2025-11-13 15:41:37
1375,162,1,MANUAL_ADJUSTMENT,10,10,,Initial stock load (system go-live),2024-01-01 07:00:00
1376,162,1,RESTOCK,11,21,478.0,Stock received from supplier,2024-01-20 09:00:00
1377,162,4,SALE,-1,20,,Ref: sales_id=47,2024-01-22 11:00:56
1378,162,3,SALE,-1,19,,Ref: sales_id=77,2024-02-01 08:30:01
1379,162,3,SALE,-2,17,,Ref: sales_id=112,2024-02-16 12:44:11
1380,162,2,SALE,-1,16,,Ref: sales_id=148,2024-03-15 14:50:06
1381,162,2,SALE,-5,11,,Ref: sales_id=389,2024-08-28 15:18:46
1382,162,1,RESTOCK,10,21,479.0,Stock received from supplier,2024-10-11 09:00:00
1383,162,3,SALE,-1,20,,Ref: sales_id=525,2024-11-04 13:45:38
1384,162,3,SALE,-1,19,,Ref: sales_id=662,2024-11-30 17:28:34
1385,162,3,SALE,-1,18,,Ref: sales_id=682,2024-12-03 14:31:10
1386,162,4,SALE,-1,17,,Ref: sales_id=828,2025-01-13 11:33:54
1387,162,3,SALE,-1,16,,Ref: sales_id=961,2025-02-11 14:29:47
1388,162,4,SALE,-2,14,,Ref: sales_id=1085,2025-04-01 10:45:39
1389,162,3,SALE,-2,12,,Ref: sales_id=1115,2025-05-10 09:05:13
1390,162,3,SALE,-5,7,,Ref: sales_id=1191,2025-06-20 14:32:34
1391,162,1,RESTOCK,8,15,480.0,Stock received from supplier,2025-07-02 09:00:00
1392,162,2,SALE,-2,13,,Ref: sales_id=1266,2025-07-29 11:28:20
1393,162,3,SALE,-2,11,,Ref: sales_id=1399,2025-12-08 12:48:56
1394,163,1,MANUAL_ADJUSTMENT,10,10,,Initial stock load (system go-live),2024-01-01 07:00:00
1395,163,1,RESTOCK,8,18,481.0,Stock received from supplier,2024-01-09 09:00:00
1396,163,3,SALE,-3,15,,Ref: sales_id=1038,2025-03-12 14:59:06
1397,163,1,RESTOCK,14,29,482.0,Stock received from supplier,2025-05-24 09:00:00
1398,164,1,MANUAL_ADJUSTMENT,10,10,,Initial stock load (system go-live),2024-01-01 07:00:00
1399,164,1,RESTOCK,14,24,483.0,Stock received from supplier,2024-01-22 09:00:00
1400,164,4,SALE,-3,21,,Ref: sales_id=1044,2025-03-14 08:14:00
1401,164,1,RESTOCK,8,29,484.0,Stock received from supplier,2025-06-01 09:00:00
1402,165,1,MANUAL_ADJUSTMENT,10,10,,Initial stock load (system go-live),2024-01-01 07:00:00
1403,165,4,SALE,-1,9,,Ref: sales_id=392,2024-09-02 15:04:57
1404,165,1,RESTOCK,9,18,486.0,Stock received from supplier,2025-06-05 09:00:00
1405,165,4,SALE,-1,17,,Ref: sales_id=1427,2025-12-27 08:30:41
1406,166,1,MANUAL_ADJUSTMENT,10,10,,Initial stock load (system go-live),2024-01-01 07:00:00
1407,166,1,RESTOCK,10,20,487.0,Stock received from supplier,2024-01-14 09:00:00
1408,166,4,SALE,-1,19,,Ref: sales_id=824,2025-01-10 10:09:17
1409,166,1,RESTOCK,12,31,488.0,Stock received from supplier,2025-05-28 09:00:00
1410,167,1,MANUAL_ADJUSTMENT,10,10,,Initial stock load (system go-live),2024-01-01 07:00:00
1411,167,2,SALE,-1,9,,Ref: sales_id=483,2024-10-22 17:12:53
1412,167,4,SALE,-1,8,,Ref: sales_id=609,2024-11-29 13:05:08
1413,167,3,SALE,-1,7,,Ref: sales_id=619,2024-11-29 13:43:47
1414,167,3,SALE,-1,6,,Ref: sales_id=1162,2025-05-29 10:07:31
1415,168,1,MANUAL_ADJUSTMENT,10,10,,Initial stock load (system go-live),2024-01-01 07:00:00
1416,168,1,RESTOCK,11,21,491.0,Stock received from supplier,2024-01-15 09:00:00
1417,168,2,SALE,-1,20,,Ref: sales_id=158,2024-03-19 13:58:28
1418,169,1,MANUAL_ADJUSTMENT,10,10,,Initial stock load (system go-live),2024-01-01 07:00:00
1419,169,1,RESTOCK,11,21,493.0,Stock received from supplier,2024-01-18 09:00:00
1420,169,4,SALE,-1,20,,Ref: sales_id=131,2024-02-26 13:34:17
1421,169,2,SALE,-2,18,,Ref: sales_id=140,2024-03-05 16:40:56
1422,169,4,SALE,-1,17,,Ref: sales_id=315,2024-07-04 14:59:42
1423,169,2,SALE,-1,16,,Ref: sales_id=368,2024-08-08 17:32:16
1424,169,3,SALE,-1,15,,Ref: sales_id=418,2024-09-20 13:25:23
1425,169,4,SALE,-1,14,,Ref: sales_id=441,2024-09-25 13:44:16
1426,169,3,SALE,-2,12,,Ref: sales_id=572,2024-11-28 10:54:24
1427,169,2,SALE,-2,10,,Ref: sales_id=603,2024-11-28 12:58:39
1428,169,3,SALE,-2,8,,Ref: sales_id=584,2024-11-28 13:53:18
1429,169,3,SALE,-2,6,,Ref: sales_id=649,2024-11-30 17:11:53
1430,169,4,SALE,-2,4,,Ref: sales_id=679,2024-12-03 15:40:26
1431,169,4,SALE,-4,0,,Ref: sales_id=742,2024-12-15 17:34:40
1432,169,4,SALE,0,0,,Ref: sales_id=800,2024-12-22 13:34:45
1433,169,2,SALE,0,0,,Ref: sales_id=791,2024-12-22 15:46:07
1434,169,3,SALE,0,0,,Ref: sales_id=844,2025-01-15 13:47:41
1435,169,4,SALE,0,0,,Ref: sales_id=1157,2025-05-27 12:34:22
1436,169,2,SALE,0,0,,Ref: sales_id=1239,2025-07-14 09:13:26
1437,169,1,RESTOCK,10,10,496.0,Stock received from supplier,2025-10-23 09:00:00
1438,169,4,SALE,-2,8,,Ref: sales_id=1414,2025-12-18 10:59:48
1439,169,3,SALE,-1,7,,Ref: sales_id=1420,2025-12-25 10:40:12
1440,170,1,MANUAL_ADJUSTMENT,10,10,,Initial stock load (system go-live),2024-01-01 07:00:00
1441,170,1,RESTOCK,12,22,497.0,Stock received from supplier,2024-01-22 09:00:00
1442,170,3,SALE,-1,21,,Ref: sales_id=540,2024-11-18 09:49:48
1443,171,1,MANUAL_ADJUSTMENT,10,10,,Initial stock load (system go-live),2024-01-01 07:00:00
1444,171,1,RESTOCK,14,24,499.0,Stock received from supplier,2024-01-21 09:00:00
1445,171,2,SALE,-1,23,,Ref: sales_id=1019,2025-03-05 16:21:53
1446,171,1,RESTOCK,14,37,500.0,Stock received from supplier,2025-06-09 09:00:00
1447,171,3,SALE,-1,36,,Ref: sales_id=1182,2025-06-14 09:37:03
1448,172,1,MANUAL_ADJUSTMENT,10,10,,Initial stock load (system go-live),2024-01-01 07:00:00
1449,172,1,RESTOCK,9,19,501.0,Stock received from supplier,2024-01-09 09:00:00
1450,172,3,SALE,-3,16,,Ref: sales_id=326,2024-07-13 08:19:30
1451,173,1,MANUAL_ADJUSTMENT,10,10,,Initial stock load (system go-live),2024-01-01 07:00:00
1452,173,1,RESTOCK,11,21,503.0,Stock received from supplier,2024-01-20 09:00:00
1453,173,4,SALE,-1,20,,Ref: sales_id=628,2024-11-29 12:43:10
1454,173,1,RESTOCK,12,32,504.0,Stock received from supplier,2025-06-06 09:00:00
1455,174,1,MANUAL_ADJUSTMENT,10,10,,Initial stock load (system go-live),2024-01-01 07:00:00
1456,174,1,RESTOCK,13,23,505.0,Stock received from supplier,2024-01-10 09:00:00
1457,174,2,SALE,-1,22,,Ref: sales_id=766,2024-12-17 14:38:27
1458,174,1,RESTOCK,12,34,506.0,Stock received from supplier,2025-05-20 09:00:00
1459,175,1,MANUAL_ADJUSTMENT,10,10,,Initial stock load (system go-live),2024-01-01 07:00:00
1460,175,1,RESTOCK,14,24,507.0,Stock received from supplier,2024-01-13 09:00:00
1461,175,4,SALE,-1,23,,Ref: sales_id=164,2024-03-21 09:41:41
1462,175,4,SALE,-1,22,,Ref: sales_id=405,2024-09-14 08:03:43
1463,175,1,RESTOCK,9,31,508.0,Stock received from supplier,2025-06-01 09:00:00
1464,175,2,SALE,-1,30,,Ref: sales_id=1411,2025-12-17 08:39:04
1465,176,1,MANUAL_ADJUSTMENT,10,10,,Initial stock load (system go-live),2024-01-01 07:00:00
1466,176,1,RESTOCK,14,24,509.0,Stock received from supplier,2024-01-08 09:00:00
1467,176,4,SALE,-1,23,,Ref: sales_id=974,2025-02-13 16:01:19
1468,176,1,RESTOCK,9,32,510.0,Stock received from supplier,2025-05-20 09:00:00
1469,177,1,MANUAL_ADJUSTMENT,10,10,,Initial stock load (system go-live),2024-01-01 07:00:00
1470,177,3,SALE,-1,9,,Ref: sales_id=859,2025-01-16 11:43:17
1471,177,2,SALE,-1,8,,Ref: sales_id=1120,2025-05-14 13:10:36
1472,177,4,SALE,-1,7,,Ref: sales_id=1126,2025-05-15 12:19:57
1473,177,1,RESTOCK,13,20,512.0,Stock received from supplier,2025-05-26 09:00:00
1474,177,4,SALE,-1,19,,Ref: sales_id=1279,2025-08-05 11:33:57
1475,178,1,MANUAL_ADJUSTMENT,10,10,,Initial stock load (system go-live),2024-01-01 07:00:00
1476,178,1,RESTOCK,10,20,513.0,Stock received from supplier,2024-01-22 09:00:00
1477,178,2,SALE,-1,19,,Ref: sales_id=1023,2025-03-11 15:33:06
1478,178,1,RESTOCK,14,33,514.0,Stock received from supplier,2025-06-03 09:00:00
1479,178,4,SALE,-1,32,,Ref: sales_id=1428,2025-12-28 08:09:19
1480,179,1,MANUAL_ADJUSTMENT,10,10,,Initial stock load (system go-live),2024-01-01 07:00:00
1481,179,1,RESTOCK,11,21,515.0,Stock received from supplier,2024-01-24 09:00:00
1482,179,4,SALE,-1,20,,Ref: sales_id=816,2025-01-02 08:34:31
1483,179,1,MANUAL_ADJUSTMENT,1,21,,Stocktake correction,2025-02-02 00:00:00
1484,179,1,RESTOCK,11,32,516.0,Stock received from supplier,2025-06-07 09:00:00
1485,180,1,MANUAL_ADJUSTMENT,10,10,,Initial stock load (system go-live),2024-01-01 07:00:00
1486,180,1,RESTOCK,11,21,517.0,Stock received from supplier,2024-01-10 09:00:00
1487,180,3,SALE,-1,20,,Ref: sales_id=999,2025-02-18 15:12:49
1488,180,1,RESTOCK,14,34,518.0,Stock received from supplier,2025-05-28 09:00:00
1489,181,1,MANUAL_ADJUSTMENT,10,10,,Initial stock load (system go-live),2024-01-01 07:00:00
1490,181,1,RESTOCK,8,18,519.0,Stock received from supplier,2024-01-23 09:00:00
1491,181,3,SALE,-1,17,,Ref: sales_id=862,2025-01-17 16:11:14
1492,181,1,RESTOCK,11,28,520.0,Stock received from supplier,2025-06-01 09:00:00
1493,182,1,MANUAL_ADJUSTMENT,10,10,,Initial stock load (system go-live),2024-01-01 07:00:00
1494,182,2,SALE,-2,8,,Ref: sales_id=480,2024-10-17 17:37:14
1495,182,3,SALE,-2,6,,Ref: sales_id=1268,2025-07-30 13:11:30
1496,183,1,MANUAL_ADJUSTMENT,10,10,,Initial stock load (system go-live),2024-01-01 07:00:00
1497,183,3,SALE,-1,9,,Ref: sales_id=287,2024-06-18 11:25:06
1498,183,1,RESTOCK,14,23,524.0,Stock received from supplier,2025-05-18 09:00:00
1499,184,1,MANUAL_ADJUSTMENT,10,10,,Initial stock load (system go-live),2024-01-01 07:00:00
1500,184,1,RESTOCK,9,19,527.0,Stock received from supplier,2025-02-22 09:00:00
1501,184,1,RESTOCK,9,28,528.0,Stock received from supplier,2025-09-14 09:00:00
1502,185,1,MANUAL_ADJUSTMENT,10,10,,Initial stock load (system go-live),2024-01-01 07:00:00
1503,185,1,RESTOCK,8,18,529.0,Stock received from supplier,2024-01-20 09:00:00
1504,185,2,SALE,-2,16,,Ref: sales_id=773,2024-12-17 15:02:20
1505,185,1,RESTOCK,9,25,530.0,Stock received from supplier,2025-06-11 09:00:00
1506,186,1,MANUAL_ADJUSTMENT,10,10,,Initial stock load (system go-live),2024-01-01 07:00:00
1507,186,1,RESTOCK,11,21,532.0,Stock received from supplier,2024-08-04 09:00:00
1508,186,1,RESTOCK,12,33,533.0,Stock received from supplier,2025-02-16 09:00:00
1509,187,1,MANUAL_ADJUSTMENT,10,10,,Initial stock load (system go-live),2024-01-01 07:00:00
1510,187,1,RESTOCK,12,22,535.0,Stock received from supplier,2024-01-17 09:00:00
1511,187,4,SALE,-1,21,,Ref: sales_id=194,2024-04-29 13:20:48
1512,187,4,SALE,-1,20,,Ref: sales_id=1009,2025-02-28 10:57:08
1513,187,1,RESTOCK,12,32,536.0,Stock received from supplier,2025-05-26 09:00:00
1514,187,3,SALE,-1,31,,Ref: sales_id=1169,2025-06-02 08:05:42
1515,187,4,SALE,-1,30,,Ref: sales_id=1332,2025-09-25 08:08:21
1516,187,3,SALE,-1,29,,Ref: sales_id=1406,2025-12-13 14:07:47
1517,188,1,MANUAL_ADJUSTMENT,10,10,,Initial stock load (system go-live),2024-01-01 07:00:00
1518,188,1,RESTOCK,13,23,537.0,Stock received from supplier,2024-01-17 09:00:00
1519,188,3,SALE,-1,22,,Ref: sales_id=197,2024-04-29 08:23:15
1520,188,3,SALE,-10,12,,Ref: sales_id=339,2024-07-23 09:47:10
1521,188,4,SALE,-1,11,,Ref: sales_id=477,2024-10-16 13:25:05
1522,188,1,RESTOCK,14,25,538.0,Stock received from supplier,2024-10-25 09:00:00
1523,188,2,SALE,-3,22,,Ref: sales_id=691,2024-12-04 15:15:29
1524,188,2,SALE,-3,19,,Ref: sales_id=726,2024-12-14 11:15:32
1525,188,2,SALE,-5,14,,Ref: sales_id=746,2024-12-15 08:56:56
1526,188,4,RETURN,3,17,,Customer return of sales_id=726,2024-12-15 11:15:32
1527,188,3,SALE,-3,14,,Ref: sales_id=1396,2025-12-03 14:20:53
1528,189,1,MANUAL_ADJUSTMENT,10,10,,Initial stock load (system go-live),2024-01-01 07:00:00
1529,189,4,DAMAGED_LOST,-1,9,,Damaged/lost during handling (periodic check),2024-01-31 00:00:00
1530,189,3,SALE,-1,8,,Ref: sales_id=1024,2025-03-11 08:48:02
1531,189,1,RESTOCK,13,21,541.0,Stock received from supplier,2025-05-28 09:00:00
1532,190,1,MANUAL_ADJUSTMENT,10,10,,Initial stock load (system go-live),2024-01-01 07:00:00
1533,190,1,RESTOCK,9,19,542.0,Stock received from supplier,2024-01-20 09:00:00
1534,190,2,SALE,-1,18,,Ref: sales_id=45,2024-01-22 13:34:28
1535,190,4,SALE,-1,17,,Ref: sales_id=412,2024-09-19 17:28:53
1536,190,4,SALE,-1,16,,Ref: sales_id=453,2024-09-26 12:07:34
1537,190,2,SALE,-1,15,,Ref: sales_id=683,2024-12-03 11:22:44
1538,190,4,SALE,-1,14,,Ref: sales_id=731,2024-12-14 17:24:40
1539,190,2,SALE,-1,13,,Ref: sales_id=1114,2025-05-10 15:10:31
1540,190,1,RESTOCK,13,26,543.0,Stock received from supplier,2025-06-05 09:00:00
1541,190,3,SALE,-1,25,,Ref: sales_id=1408,2025-12-15 16:10:47
1542,191,1,MANUAL_ADJUSTMENT,10,10,,Initial stock load (system go-live),2024-01-01 07:00:00
1543,191,1,RESTOCK,9,19,544.0,Stock received from supplier,2024-01-09 09:00:00
1544,191,3,DAMAGED_LOST,-2,17,,Damaged/lost during handling (periodic check),2024-10-14 00:00:00
1545,191,4,SALE,-4,13,,Ref: sales_id=963,2025-02-11 09:15:47
1546,191,1,RESTOCK,8,21,545.0,Stock received from supplier,2025-05-22 09:00:00
1547,191,2,SALE,-4,17,,Ref: sales_id=1168,2025-05-31 16:12:41
1548,192,1,MANUAL_ADJUSTMENT,10,10,,Initial stock load (system go-live),2024-01-01 07:00:00
1549,192,1,RESTOCK,10,20,546.0,Stock received from supplier,2024-01-10 09:00:00
1550,192,4,SALE,-2,18,,Ref: sales_id=166,2024-03-25 15:36:20
1551,192,4,SALE,-1,17,,Ref: sales_id=218,2024-05-15 14:33:10
1552,192,3,SALE,-1,16,,Ref: sales_id=238,2024-05-23 14:22:34
1553,192,4,SALE,-1,15,,Ref: sales_id=370,2024-08-08 08:12:36
1554,192,4,SALE,-2,13,,Ref: sales_id=1033,2025-03-11 15:27:55
1555,192,1,RESTOCK,13,26,547.0,Stock received from supplier,2025-05-21 09:00:00
1556,193,1,MANUAL_ADJUSTMENT,10,10,,Initial stock load (system go-live),2024-01-01 07:00:00
1557,193,1,RESTOCK,8,18,548.0,Stock received from supplier,2024-01-15 09:00:00
1558,193,1,RESTOCK,9,27,549.0,Stock received from supplier,2025-06-03 09:00:00
1559,193,2,SALE,-1,26,,Ref: sales_id=1333,2025-09-26 10:06:41
1560,194,1,MANUAL_ADJUSTMENT,10,10,,Initial stock load (system go-live),2024-01-01 07:00:00
1561,194,3,SALE,-1,9,,Ref: sales_id=724,2024-12-14 15:25:35
1562,194,3,SALE,-1,8,,Ref: sales_id=794,2024-12-22 14:27:18
1563,194,1,RESTOCK,14,22,551.0,Stock received from supplier,2025-06-10 09:00:00
1564,194,2,SALE,-1,21,,Ref: sales_id=1232,2025-07-10 16:06:08
1565,195,1,MANUAL_ADJUSTMENT,10,10,,Initial stock load (system go-live),2024-01-01 07:00:00
1566,195,1,RESTOCK,9,19,552.0,Stock received from supplier,2024-01-23 09:00:00
1567,195,2,SALE,-1,18,,Ref: sales_id=518,2024-11-04 14:17:52
1568,195,4,SALE,-1,17,,Ref: sales_id=1094,2025-05-01 16:43:24
1569,195,1,RESTOCK,8,25,553.0,Stock received from supplier,2025-06-10 09:00:00
1570,196,1,MANUAL_ADJUSTMENT,10,10,,Initial stock load (system go-live),2024-01-01 07:00:00
1571,196,1,RESTOCK,9,19,554.0,Stock received from supplier,2024-01-15 09:00:00
1572,196,1,RESTOCK,8,27,556.0,Stock received from supplier,2025-02-20 09:00:00
1573,196,1,RESTOCK,12,39,557.0,Stock received from supplier,2025-09-03 09:00:00
1574,197,1,MANUAL_ADJUSTMENT,10,10,,Initial stock load (system go-live),2024-01-01 07:00:00
1575,197,1,RESTOCK,9,19,558.0,Stock received from supplier,2024-01-15 09:00:00
1576,197,4,SALE,-1,18,,Ref: sales_id=280,2024-06-14 08:32:17
1577,197,1,RESTOCK,13,31,559.0,Stock received from supplier,2025-05-26 09:00:00
1578,198,1,MANUAL_ADJUSTMENT,10,10,,Initial stock load (system go-live),2024-01-01 07:00:00
1579,198,1,RESTOCK,12,22,560.0,Stock received from supplier,2024-01-17 09:00:00
1580,198,4,SALE,-1,21,,Ref: sales_id=93,2024-02-08 12:40:17
1581,198,3,SALE,-1,20,,Ref: sales_id=520,2024-11-04 11:43:38
1582,198,2,SALE,-1,19,,Ref: sales_id=1059,2025-03-21 15:38:48
1583,198,1,RESTOCK,10,29,561.0,Stock received from supplier,2025-05-24 09:00:00
1584,198,2,SALE,-1,28,,Ref: sales_id=1259,2025-07-27 14:50:52
1585,198,3,SALE,-1,27,,Ref: sales_id=1324,2025-08-27 09:37:18
1586,199,1,MANUAL_ADJUSTMENT,10,10,,Initial stock load (system go-live),2024-01-01 07:00:00
1587,199,1,RESTOCK,10,20,562.0,Stock received from supplier,2024-01-09 09:00:00
1588,199,4,SALE,-2,18,,Ref: sales_id=173,2024-04-12 17:22:39
1589,199,2,SALE,-1,17,,Ref: sales_id=185,2024-04-17 11:30:59
1590,199,3,SALE,-1,16,,Ref: sales_id=362,2024-08-06 12:24:53
1591,200,1,MANUAL_ADJUSTMENT,10,10,,Initial stock load (system go-live),2024-01-01 07:00:00
1592,200,1,RESTOCK,13,23,564.0,Stock received from supplier,2024-01-20 09:00:00
1593,200,2,SALE,-1,22,,Ref: sales_id=323,2024-07-13 10:56:52
1594,200,2,SALE,-1,21,,Ref: sales_id=1117,2025-05-11 17:38:44
1595,200,1,RESTOCK,10,31,565.0,Stock received from supplier,2025-06-05 09:00:00
1596,201,1,MANUAL_ADJUSTMENT,10,10,,Initial stock load (system go-live),2024-01-01 07:00:00
1597,201,2,SALE,-7,3,,Ref: sales_id=767,2024-12-17 10:30:30
1598,201,1,RESTOCK,10,13,567.0,Stock received from supplier,2025-05-31 09:00:00
1599,202,1,MANUAL_ADJUSTMENT,10,10,,Initial stock load (system go-live),2024-01-01 07:00:00
1600,202,1,RESTOCK,10,20,568.0,Stock received from supplier,2024-01-11 09:00:00
1601,202,1,RESTOCK,13,33,569.0,Stock received from supplier,2024-03-18 09:00:00
1602,202,1,RESTOCK,10,43,571.0,Stock received from supplier,2024-08-08 09:00:00
1603,202,1,RESTOCK,11,54,572.0,Stock received from supplier,2024-10-17 09:00:00
1604,202,3,SALE,-50,4,,Ref: sales_id=582,2024-11-28 14:59:49
1605,202,3,SALE,-4,0,,Ref: sales_id=618,2024-11-29 09:12:28
1606,202,1,RESTOCK,8,8,573.0,Stock received from supplier,2024-12-26 09:00:00
1607,202,1,RESTOCK,14,22,574.0,Stock received from supplier,2025-03-01 09:00:00
1608,202,1,RESTOCK,9,31,576.0,Stock received from supplier,2025-07-20 09:00:00
1609,202,2,SALE,-31,0,,Ref: sales_id=1275,2025-08-02 14:17:57
1610,202,1,RESTOCK,12,12,577.0,Stock received from supplier,2025-09-27 09:00:00
1611,202,1,RESTOCK,14,26,578.0,Stock received from supplier,2025-12-07 09:00:00
1612,203,1,MANUAL_ADJUSTMENT,10,10,,Initial stock load (system go-live),2024-01-01 07:00:00
1613,203,3,SALE,-2,8,,Ref: sales_id=860,2025-01-17 09:01:17
1614,203,1,RESTOCK,14,22,580.0,Stock received from supplier,2025-05-26 09:00:00
1615,204,1,MANUAL_ADJUSTMENT,10,10,,Initial stock load (system go-live),2024-01-01 07:00:00
1616,204,1,RESTOCK,8,18,581.0,Stock received from supplier,2024-01-20 09:00:00
1617,204,3,SALE,-1,17,,Ref: sales_id=717,2024-12-11 09:40:59
1618,204,4,SALE,-1,16,,Ref: sales_id=722,2024-12-13 15:07:10
1619,204,1,RESTOCK,10,26,582.0,Stock received from supplier,2025-05-30 09:00:00
1620,205,1,MANUAL_ADJUSTMENT,10,10,,Initial stock load (system go-live),2024-01-01 07:00:00
1621,205,1,RESTOCK,9,19,583.0,Stock received from supplier,2024-01-13 09:00:00
1622,205,3,DAMAGED_LOST,-2,17,,Damaged/lost during handling (periodic check),2024-01-30 00:00:00
1623,205,2,SALE,-1,16,,Ref: sales_id=494,2024-10-26 11:49:46
1624,205,2,SALE,-1,15,,Ref: sales_id=1317,2025-08-22 16:21:28
1625,206,1,MANUAL_ADJUSTMENT,10,10,,Initial stock load (system go-live),2024-01-01 07:00:00
1626,206,1,RESTOCK,10,20,585.0,Stock received from supplier,2024-01-21 09:00:00
1627,206,4,SALE,-1,19,,Ref: sales_id=130,2024-02-26 10:43:13
1628,206,4,SALE,-1,18,,Ref: sales_id=133,2024-02-26 13:34:32
1629,206,1,RESTOCK,13,31,586.0,Stock received from supplier,2025-06-05 09:00:00
1630,207,1,MANUAL_ADJUSTMENT,10,10,,Initial stock load (system go-live),2024-01-01 07:00:00
1631,207,1,RESTOCK,8,18,587.0,Stock received from supplier,2024-01-12 09:00:00
1632,207,3,SALE,-1,17,,Ref: sales_id=1030,2025-03-11 15:01:13
1633,208,1,MANUAL_ADJUSTMENT,10,10,,Initial stock load (system go-live),2024-01-01 07:00:00
1634,208,3,SALE,-1,9,,Ref: sales_id=753,2024-12-15 08:34:44
1635,208,1,RESTOCK,11,20,590.0,Stock received from supplier,2025-06-06 09:00:00
1636,209,1,MANUAL_ADJUSTMENT,10,10,,Initial stock load (system go-live),2024-01-01 07:00:00
1637,209,1,RESTOCK,13,23,591.0,Stock received from supplier,2024-01-27 09:00:00
1638,209,2,SALE,-1,22,,Ref: sales_id=202,2024-04-30 13:47:52
1639,209,1,RESTOCK,14,36,592.0,Stock received from supplier,2025-06-19 09:00:00
1640,210,1,MANUAL_ADJUSTMENT,10,10,,Initial stock load (system go-live),2024-01-01 07:00:00
1641,210,1,RESTOCK,10,20,593.0,Stock received from supplier,2024-01-17 09:00:00
1642,210,3,SALE,-1,19,,Ref: sales_id=107,2024-02-15 13:41:33
1643,210,2,SALE,-1,18,,Ref: sales_id=851,2025-01-15 17:45:39
1644,210,2,SALE,-1,17,,Ref: sales_id=1282,2025-08-06 12:30:19
1645,211,1,MANUAL_ADJUSTMENT,10,10,,Initial stock load (system go-live),2024-01-01 07:00:00
1646,211,1,RESTOCK,13,23,595.0,Stock received from supplier,2024-01-25 09:00:00
1647,211,4,SALE,-2,21,,Ref: sales_id=1047,2025-03-17 17:52:52
1648,211,3,SALE,-2,19,,Ref: sales_id=1407,2025-12-14 17:21:03
1649,212,1,MANUAL_ADJUSTMENT,10,10,,Initial stock load (system go-live),2024-01-01 07:00:00
1650,212,4,SALE,-2,8,,Ref: sales_id=555,2024-11-21 15:54:25
1651,212,1,RESTOCK,11,19,598.0,Stock received from supplier,2025-06-05 09:00:00
1652,213,1,MANUAL_ADJUSTMENT,10,10,,Initial stock load (system go-live),2024-01-01 07:00:00
1653,213,1,RESTOCK,10,20,599.0,Stock received from supplier,2024-01-20 09:00:00
1654,213,1,RESTOCK,10,30,600.0,Stock received from supplier,2025-06-02 09:00:00
1655,213,3,SALE,-2,28,,Ref: sales_id=1320,2025-08-24 11:31:07
1656,214,1,MANUAL_ADJUSTMENT,10,10,,Initial stock load (system go-live),2024-01-01 07:00:00
1657,214,1,RESTOCK,10,20,601.0,Stock received from supplier,2024-01-16 09:00:00
1658,214,4,SALE,-1,19,,Ref: sales_id=42,2024-01-22 14:51:40
1659,215,1,MANUAL_ADJUSTMENT,10,10,,Initial stock load (system go-live),2024-01-01 07:00:00
1660,215,1,RESTOCK,14,24,603.0,Stock received from supplier,2024-01-15 09:00:00
1661,215,4,SALE,-5,19,,Ref: sales_id=695,2024-12-05 15:45:54
1662,215,1,RESTOCK,11,30,604.0,Stock received from supplier,2025-06-02 09:00:00
1663,216,1,MANUAL_ADJUSTMENT,10,10,,Initial stock load (system go-live),2024-01-01 07:00:00
1664,216,1,RESTOCK,8,18,605.0,Stock received from supplier,2024-01-19 09:00:00
1665,216,3,SALE,-1,17,,Ref: sales_id=466,2024-10-09 12:41:47
1666,216,3,SALE,-1,16,,Ref: sales_id=780,2024-12-20 12:56:37
1667,217,1,MANUAL_ADJUSTMENT,10,10,,Initial stock load (system go-live),2024-01-01 07:00:00
1668,217,1,RESTOCK,10,20,607.0,Stock received from supplier,2024-01-11 09:00:00
1669,217,4,SALE,-1,19,,Ref: sales_id=923,2025-01-31 14:51:47
1670,217,2,SALE,-1,18,,Ref: sales_id=919,2025-01-31 15:39:49
1671,217,1,RESTOCK,14,32,608.0,Stock received from supplier,2025-05-29 09:00:00
1672,218,1,MANUAL_ADJUSTMENT,10,10,,Initial stock load (system go-live),2024-01-01 07:00:00
1673,218,1,RESTOCK,14,24,609.0,Stock received from supplier,2024-01-30 09:00:00
1674,218,2,SALE,-1,23,,Ref: sales_id=379,2024-08-16 10:10:57
1675,218,1,RESTOCK,14,37,610.0,Stock received from supplier,2025-06-13 09:00:00
1676,219,1,MANUAL_ADJUSTMENT,10,10,,Initial stock load (system go-live),2024-01-01 07:00:00
1677,219,1,RESTOCK,12,22,611.0,Stock received from supplier,2024-01-14 09:00:00
1678,219,4,SALE,-1,21,,Ref: sales_id=137,2024-03-01 13:51:16
1679,219,1,RESTOCK,12,33,612.0,Stock received from supplier,2025-05-27 09:00:00
1680,220,1,MANUAL_ADJUSTMENT,10,10,,Initial stock load (system go-live),2024-01-01 07:00:00
1681,220,3,SALE,-1,9,,Ref: sales_id=757,2024-12-16 13:43:07
1682,220,1,RESTOCK,14,23,614.0,Stock received from supplier,2025-06-08 09:00:00
1683,220,3,SALE,-1,22,,Ref: sales_id=1235,2025-07-12 17:10:03
1684,221,1,MANUAL_ADJUSTMENT,10,10,,Initial stock load (system go-live),2024-01-01 07:00:00
1685,221,1,RESTOCK,10,20,615.0,Stock received from supplier,2024-01-19 09:00:00
1686,221,4,SALE,-1,19,,Ref: sales_id=652,2024-11-30 10:07:02
1687,221,3,SALE,-1,18,,Ref: sales_id=650,2024-11-30 15:56:07
1688,221,1,RESTOCK,13,31,616.0,Stock received from supplier,2025-06-06 09:00:00
1689,222,1,MANUAL_ADJUSTMENT,10,10,,Initial stock load (system go-live),2024-01-01 07:00:00
1690,222,1,RESTOCK,12,22,617.0,Stock received from supplier,2024-01-14 09:00:00
1691,222,2,SALE,-1,21,,Ref: sales_id=955,2025-02-08 11:50:46
1692,222,2,SALE,-1,20,,Ref: sales_id=960,2025-02-11 09:33:32
1693,222,1,RESTOCK,10,30,618.0,Stock received from supplier,2025-05-30 09:00:00
1694,223,1,MANUAL_ADJUSTMENT,10,10,,Initial stock load (system go-live),2024-01-01 07:00:00
1695,223,3,SALE,-1,9,,Ref: sales_id=856,2025-01-16 13:27:34
1696,223,1,RESTOCK,12,21,620.0,Stock received from supplier,2025-06-01 09:00:00
1697,224,1,MANUAL_ADJUSTMENT,10,10,,Initial stock load (system go-live),2024-01-01 07:00:00
1698,224,4,SALE,-2,8,,Ref: sales_id=813,2024-12-28 17:26:37
1699,225,1,MANUAL_ADJUSTMENT,10,10,,Initial stock load (system go-live),2024-01-01 07:00:00
1700,225,1,RESTOCK,14,24,623.0,Stock received from supplier,2024-01-08 09:00:00
1701,225,2,SALE,-1,23,,Ref: sales_id=854,2025-01-16 15:57:39
1702,226,1,MANUAL_ADJUSTMENT,10,10,,Initial stock load (system go-live),2024-01-01 07:00:00
1703,226,3,SALE,-2,8,,Ref: sales_id=15,2024-01-12 08:36:54
1704,226,1,RESTOCK,9,17,625.0,Stock received from supplier,2024-01-25 09:00:00
1705,227,1,MANUAL_ADJUSTMENT,10,10,,Initial stock load (system go-live),2024-01-01 07:00:00
1706,227,1,RESTOCK,11,21,627.0,Stock received from supplier,2024-01-21 09:00:00
1707,227,2,SALE,-5,16,,Ref: sales_id=123,2024-02-22 14:48:16
1708,227,1,RESTOCK,11,27,628.0,Stock received from supplier,2025-05-31 09:00:00
1709,228,1,MANUAL_ADJUSTMENT,10,10,,Initial stock load (system go-live),2024-01-01 07:00:00
1710,228,2,SALE,-5,5,,Ref: sales_id=725,2024-12-14 16:08:52
1711,228,3,SALE,-5,0,,Ref: sales_id=1113,2025-05-09 11:50:10
1712,228,1,RESTOCK,13,13,630.0,Stock received from supplier,2025-06-02 09:00:00
1713,229,1,MANUAL_ADJUSTMENT,10,10,,Initial stock load (system go-live),2024-01-01 07:00:00
1714,229,1,RESTOCK,11,21,631.0,Stock received from supplier,2024-01-10 09:00:00
1715,229,2,SALE,-1,20,,Ref: sales_id=286,2024-06-18 11:27:34
1716,229,1,RESTOCK,13,33,632.0,Stock received from supplier,2025-05-26 09:00:00
1717,230,1,MANUAL_ADJUSTMENT,10,10,,Initial stock load (system go-live),2024-01-01 07:00:00
1718,230,1,RESTOCK,8,18,633.0,Stock received from supplier,2024-01-27 09:00:00
1719,230,2,SALE,-1,17,,Ref: sales_id=135,2024-03-01 14:38:11
1720,230,2,SALE,-1,16,,Ref: sales_id=160,2024-03-20 09:04:10
1721,230,2,SALE,-1,15,,Ref: sales_id=1150,2025-05-26 16:03:42
1722,230,1,RESTOCK,8,23,634.0,Stock received from supplier,2025-06-12 09:00:00
1723,230,3,SALE,-1,22,,Ref: sales_id=1289,2025-08-08 10:05:36
1724,231,1,MANUAL_ADJUSTMENT,10,10,,Initial stock load (system go-live),2024-01-01 07:00:00
1725,231,1,RESTOCK,13,23,635.0,Stock received from supplier,2024-01-16 09:00:00
1726,231,2,SALE,-2,21,,Ref: sales_id=1020,2025-03-06 10:41:16
1727,231,4,SALE,-2,19,,Ref: sales_id=1097,2025-05-02 14:21:20
1728,231,1,RESTOCK,10,29,636.0,Stock received from supplier,2025-05-29 09:00:00
1729,232,1,MANUAL_ADJUSTMENT,10,10,,Initial stock load (system go-live),2024-01-01 07:00:00
1730,232,1,RESTOCK,12,22,637.0,Stock received from supplier,2024-01-24 09:00:00
1731,232,2,SALE,-1,21,,Ref: sales_id=434,2024-09-21 17:59:43
1732,232,1,RESTOCK,9,30,638.0,Stock received from supplier,2025-06-07 09:00:00
1733,233,1,MANUAL_ADJUSTMENT,10,10,,Initial stock load (system go-live),2024-01-01 07:00:00
1734,233,3,SALE,-1,9,,Ref: sales_id=743,2024-12-15 14:00:14
1735,233,3,SALE,-1,8,,Ref: sales_id=783,2024-12-21 13:24:09
1736,233,4,SALE,-1,7,,Ref: sales_id=797,2024-12-22 17:58:06
1737,233,1,RESTOCK,12,19,640.0,Stock received from supplier,2025-05-28 09:00:00
1738,233,2,SALE,-1,18,,Ref: sales_id=1264,2025-07-29 09:20:21
1739,234,1,MANUAL_ADJUSTMENT,10,10,,Initial stock load (system go-live),2024-01-01 07:00:00
1740,234,1,RESTOCK,14,24,641.0,Stock received from supplier,2024-01-16 09:00:00
1741,234,2,SALE,-1,23,,Ref: sales_id=456,2024-10-02 12:43:23
1742,234,1,MANUAL_ADJUSTMENT,1,24,,Stocktake correction,2025-01-08 00:00:00
1743,235,1,MANUAL_ADJUSTMENT,10,10,,Initial stock load (system go-live),2024-01-01 07:00:00
1744,235,1,RESTOCK,14,24,643.0,Stock received from supplier,2024-01-26 09:00:00
1745,235,4,SALE,-1,23,,Ref: sales_id=285,2024-06-15 10:00:57
1746,235,2,RETURN,1,24,,Customer return of sales_id=285,2024-06-20 10:00:57
1747,235,3,SALE,-1,23,,Ref: sales_id=969,2025-02-12 15:59:37
1748,235,3,SALE,-1,22,,Ref: sales_id=1398,2025-12-04 16:19:57
1749,235,2,RETURN,1,23,,Customer return of sales_id=1398,2025-12-06 16:19:57
1750,236,1,MANUAL_ADJUSTMENT,10,10,,Initial stock load (system go-live),2024-01-01 07:00:00
1751,236,1,RESTOCK,11,21,645.0,Stock received from supplier,2024-01-19 09:00:00
1752,236,1,RESTOCK,8,29,646.0,Stock received from supplier,2024-08-16 09:00:00
1753,236,1,RESTOCK,14,43,647.0,Stock received from supplier,2025-03-01 09:00:00
1754,236,1,RESTOCK,12,55,648.0,Stock received from supplier,2025-09-22 09:00:00
1755,237,1,MANUAL_ADJUSTMENT,10,10,,Initial stock load (system go-live),2024-01-01 07:00:00
1756,237,2,SALE,-1,9,,Ref: sales_id=297,2024-06-26 17:25:59
1757,237,1,RESTOCK,11,20,650.0,Stock received from supplier,2025-05-28 09:00:00
1758,238,1,MANUAL_ADJUSTMENT,10,10,,Initial stock load (system go-live),2024-01-01 07:00:00
1759,238,1,RESTOCK,12,22,651.0,Stock received from supplier,2024-01-21 09:00:00
1760,238,4,SALE,-1,21,,Ref: sales_id=428,2024-09-20 13:26:05
1761,238,1,RESTOCK,11,32,652.0,Stock received from supplier,2025-06-08 09:00:00
1762,239,1,MANUAL_ADJUSTMENT,10,10,,Initial stock load (system go-live),2024-01-01 07:00:00
1763,239,1,RESTOCK,11,21,653.0,Stock received from supplier,2024-01-12 09:00:00
1764,239,1,RESTOCK,14,35,654.0,Stock received from supplier,2025-05-24 09:00:00
1765,239,4,SALE,-1,34,,Ref: sales_id=1189,2025-06-20 13:49:57
1766,240,1,MANUAL_ADJUSTMENT,10,10,,Initial stock load (system go-live),2024-01-01 07:00:00
1767,240,1,RESTOCK,12,22,655.0,Stock received from supplier,2024-01-26 09:00:00
1768,240,2,SALE,-1,21,,Ref: sales_id=257,2024-06-03 10:53:55
1769,241,1,MANUAL_ADJUSTMENT,10,10,,Initial stock load (system go-live),2024-01-01 07:00:00
1770,241,1,RESTOCK,9,19,657.0,Stock received from supplier,2024-01-20 09:00:00
1771,241,3,SALE,-1,18,,Ref: sales_id=386,2024-08-28 11:34:17
1772,241,1,RESTOCK,9,27,658.0,Stock received from supplier,2025-05-29 09:00:00
1773,242,1,MANUAL_ADJUSTMENT,10,10,,Initial stock load (system go-live),2024-01-01 07:00:00
1774,242,4,SALE,-1,9,,Ref: sales_id=739,2024-12-15 08:08:46
1775,242,4,SALE,-2,7,,Ref: sales_id=792,2024-12-22 14:36:06
1776,242,1,RESTOCK,13,20,660.0,Stock received from supplier,2025-06-01 09:00:00
1777,243,1,MANUAL_ADJUSTMENT,10,10,,Initial stock load (system go-live),2024-01-01 07:00:00
1778,243,1,RESTOCK,12,22,661.0,Stock received from supplier,2024-01-08 09:00:00
1779,243,1,RESTOCK,12,34,662.0,Stock received from supplier,2024-02-26 09:00:00
1780,243,3,SALE,-1,33,,Ref: sales_id=170,2024-04-03 17:11:48
1781,243,1,RESTOCK,13,46,663.0,Stock received from supplier,2024-04-11 09:00:00
1782,243,1,RESTOCK,10,56,664.0,Stock received from supplier,2024-05-27 09:00:00
1783,243,1,RESTOCK,12,68,665.0,Stock received from supplier,2024-07-19 09:00:00
1784,243,1,RESTOCK,12,80,666.0,Stock received from supplier,2024-09-05 09:00:00
1785,243,1,RESTOCK,11,91,667.0,Stock received from supplier,2024-10-25 09:00:00
1786,243,1,RESTOCK,11,102,668.0,Stock received from supplier,2024-12-09 09:00:00
1787,243,1,RESTOCK,8,110,669.0,Stock received from supplier,2025-01-26 09:00:00
1788,243,1,RESTOCK,10,120,670.0,Stock received from supplier,2025-03-14 09:00:00
1789,243,1,RESTOCK,11,131,671.0,Stock received from supplier,2025-05-04 09:00:00
1790,243,1,RESTOCK,12,143,672.0,Stock received from supplier,2025-06-19 09:00:00
1791,243,4,SALE,-1,142,,Ref: sales_id=1321,2025-08-25 11:55:01
1792,243,1,RESTOCK,13,155,674.0,Stock received from supplier,2025-09-29 09:00:00
1793,243,2,SALE,-143,12,,Ref: sales_id=1338,2025-10-06 09:08:53
1794,243,1,RESTOCK,10,22,675.0,Stock received from supplier,2025-11-14 09:00:00
1795,244,1,MANUAL_ADJUSTMENT,10,10,,Initial stock load (system go-live),2024-01-01 07:00:00
1796,244,1,RESTOCK,11,21,676.0,Stock received from supplier,2024-01-27 09:00:00
1797,244,2,SALE,-1,20,,Ref: sales_id=608,2024-11-29 09:02:38
1798,244,3,SALE,-1,19,,Ref: sales_id=643,2024-11-29 10:10:13
1799,244,3,SALE,-1,18,,Ref: sales_id=1109,2025-05-08 11:58:35
1800,244,1,RESTOCK,11,29,677.0,Stock received from supplier,2025-06-10 09:00:00
1801,244,2,SALE,-1,28,,Ref: sales_id=1196,2025-06-24 15:00:33
1802,245,1,MANUAL_ADJUSTMENT,10,10,,Initial stock load (system go-live),2024-01-01 07:00:00
1803,245,1,RESTOCK,13,23,678.0,Stock received from supplier,2024-01-15 09:00:00
1804,245,3,SALE,-6,17,,Ref: sales_id=503,2024-10-30 12:22:19
1805,245,4,SALE,-1,16,,Ref: sales_id=1076,2025-03-27 11:29:02
1806,245,1,RESTOCK,12,28,679.0,Stock received from supplier,2025-05-30 09:00:00
1807,246,1,MANUAL_ADJUSTMENT,10,10,,Initial stock load (system go-live),2024-01-01 07:00:00
1808,246,1,RESTOCK,9,19,680.0,Stock received from supplier,2024-01-22 09:00:00
1809,246,2,SALE,-1,18,,Ref: sales_id=43,2024-01-22 11:11:05
1810,246,2,SALE,-1,17,,Ref: sales_id=118,2024-02-22 08:39:36
1811,246,3,SALE,-1,16,,Ref: sales_id=395,2024-09-03 11:37:06
1812,246,2,SALE,-1,15,,Ref: sales_id=1147,2025-05-25 10:09:06
1813,246,1,RESTOCK,11,26,681.0,Stock received from supplier,2025-06-10 09:00:00
1814,247,1,MANUAL_ADJUSTMENT,10,10,,Initial stock load (system go-live),2024-01-01 07:00:00
1815,247,1,RESTOCK,9,19,682.0,Stock received from supplier,2024-01-19 09:00:00
1816,247,2,SALE,-4,15,,Ref: sales_id=938,2025-02-06 13:58:59
1817,247,1,RESTOCK,10,25,683.0,Stock received from supplier,2025-06-03 09:00:00
1818,247,2,SALE,-4,21,,Ref: sales_id=1173,2025-06-06 13:42:56
1819,247,2,SALE,-4,17,,Ref: sales_id=1291,2025-08-09 12:05:00
1820,248,1,MANUAL_ADJUSTMENT,10,10,,Initial stock load (system go-live),2024-01-01 07:00:00
1821,248,1,RESTOCK,12,22,684.0,Stock received from supplier,2024-01-15 09:00:00
1822,248,2,SALE,-2,20,,Ref: sales_id=146,2024-03-12 15:28:06
1823,248,4,SALE,-1,19,,Ref: sales_id=511,2024-10-30 15:01:50
1824,249,1,MANUAL_ADJUSTMENT,10,10,,Initial stock load (system go-live),2024-01-01 07:00:00
1825,249,1,RESTOCK,8,18,686.0,Stock received from supplier,2024-01-11 09:00:00
1826,249,3,SALE,-2,16,,Ref: sales_id=254,2024-06-03 16:06:01
1827,249,4,SALE,-8,8,,Ref: sales_id=489,2024-10-24 14:17:39
1828,249,2,SALE,-8,0,,Ref: sales_id=1322,2025-08-26 17:05:19
1829,250,1,MANUAL_ADJUSTMENT,10,10,,Initial stock load (system go-live),2024-01-01 07:00:00
1830,250,1,RESTOCK,11,21,688.0,Stock received from supplier,2024-01-22 09:00:00
1831,250,4,SALE,-1,20,,Ref: sales_id=1078,2025-03-29 17:26:50
1832,250,1,RESTOCK,8,28,689.0,Stock received from supplier,2025-06-06 09:00:00
1833,251,1,MANUAL_ADJUSTMENT,10,10,,Initial stock load (system go-live),2024-01-01 07:00:00
1834,251,1,RESTOCK,9,19,690.0,Stock received from supplier,2024-01-20 09:00:00
1835,251,2,SALE,-1,18,,Ref: sales_id=241,2024-05-27 08:42:46
1836,251,2,SALE,-1,17,,Ref: sales_id=1327,2025-08-30 16:55:08
1837,252,1,MANUAL_ADJUSTMENT,10,10,,Initial stock load (system go-live),2024-01-01 07:00:00
1838,252,1,RESTOCK,9,19,692.0,Stock received from supplier,2024-01-10 09:00:00
1839,252,2,SALE,-2,17,,Ref: sales_id=928,2025-02-01 17:32:58
1840,252,1,RESTOCK,13,30,693.0,Stock received from supplier,2025-05-23 09:00:00
1841,252,4,SALE,-2,28,,Ref: sales_id=1245,2025-07-16 08:47:27
1842,253,1,MANUAL_ADJUSTMENT,10,10,,Initial stock load (system go-live),2024-01-01 07:00:00
1843,253,1,RESTOCK,8,18,694.0,Stock received from supplier,2024-01-19 09:00:00
1844,253,4,SALE,-3,15,,Ref: sales_id=473,2024-10-15 16:25:13
1845,253,1,RESTOCK,9,24,695.0,Stock received from supplier,2025-05-31 09:00:00
1846,253,3,SALE,-3,21,,Ref: sales_id=1220,2025-07-05 12:38:18
1847,254,1,MANUAL_ADJUSTMENT,10,10,,Initial stock load (system go-live),2024-01-01 07:00:00
1848,254,1,RESTOCK,10,20,696.0,Stock received from supplier,2024-01-20 09:00:00
1849,254,4,SALE,-4,16,,Ref: sales_id=196,2024-04-29 09:36:31
1850,254,1,MANUAL_ADJUSTMENT,-1,15,,Stocktake correction,2024-11-20 00:00:00
1851,254,4,SALE,-4,11,,Ref: sales_id=1128,2025-05-16 10:26:34
1852,254,1,RESTOCK,14,25,697.0,Stock received from supplier,2025-05-29 09:00:00
1853,255,1,MANUAL_ADJUSTMENT,10,10,,Initial stock load (system go-live),2024-01-01 07:00:00
1854,255,2,SALE,-4,6,,Ref: sales_id=122,2024-02-22 15:27:09
1855,255,3,RETURN,4,10,,Customer return of sales_id=122,2024-02-23 15:27:09
1856,255,1,RESTOCK,10,20,699.0,Stock received from supplier,2025-05-29 09:00:00
1857,256,1,MANUAL_ADJUSTMENT,10,10,,Initial stock load (system go-live),2024-01-01 07:00:00
1858,256,1,RESTOCK,14,24,700.0,Stock received from supplier,2024-01-15 09:00:00
1859,256,1,RESTOCK,8,32,701.0,Stock received from supplier,2025-05-26 09:00:00
1860,256,3,SALE,-1,31,,Ref: sales_id=1347,2025-10-10 16:48:24
1861,257,1,MANUAL_ADJUSTMENT,10,10,,Initial stock load (system go-live),2024-01-01 07:00:00
1862,257,1,RESTOCK,12,22,702.0,Stock received from supplier,2024-01-16 09:00:00
1863,257,3,SALE,-1,21,,Ref: sales_id=1084,2025-04-01 16:44:45
1864,257,1,RESTOCK,13,34,703.0,Stock received from supplier,2025-06-01 09:00:00
1865,258,1,MANUAL_ADJUSTMENT,10,10,,Initial stock load (system go-live),2024-01-01 07:00:00
1866,258,1,RESTOCK,8,18,704.0,Stock received from supplier,2024-01-30 09:00:00
1867,258,2,SALE,-1,17,,Ref: sales_id=970,2025-02-12 11:08:55
1868,258,3,SALE,-1,16,,Ref: sales_id=1086,2025-04-01 15:32:19
1869,258,2,SALE,-1,15,,Ref: sales_id=1146,2025-05-23 09:46:43
1870,258,1,RESTOCK,10,25,705.0,Stock received from supplier,2025-06-05 09:00:00
1871,259,1,MANUAL_ADJUSTMENT,10,10,,Initial stock load (system go-live),2024-01-01 07:00:00
1872,259,1,RESTOCK,9,19,706.0,Stock received from supplier,2024-01-16 09:00:00
1873,259,4,SALE,-2,17,,Ref: sales_id=364,2024-08-08 08:23:56
1874,259,1,RESTOCK,13,30,707.0,Stock received from supplier,2025-06-01 09:00:00
1875,260,1,MANUAL_ADJUSTMENT,10,10,,Initial stock load (system go-live),2024-01-01 07:00:00
1876,260,1,RESTOCK,8,18,708.0,Stock received from supplier,2024-01-17 09:00:00
1877,260,2,SALE,-2,16,,Ref: sales_id=338,2024-07-23 15:37:31
1878,260,4,SALE,-1,15,,Ref: sales_id=564,2024-11-28 12:05:06
1879,260,2,SALE,-1,14,,Ref: sales_id=799,2024-12-22 10:10:50
1880,260,2,RETURN,1,15,,Customer return of sales_id=799,2024-12-29 10:10:50
1881,260,1,RESTOCK,10,25,709.0,Stock received from supplier,2025-06-02 09:00:00
1882,260,3,SALE,-1,24,,Ref: sales_id=1285,2025-08-07 09:53:32
1883,261,1,MANUAL_ADJUSTMENT,10,10,,Initial stock load (system go-live),2024-01-01 07:00:00
1884,261,1,RESTOCK,13,23,710.0,Stock received from supplier,2024-01-27 09:00:00
1885,261,4,SALE,-1,22,,Ref: sales_id=674,2024-12-03 16:32:18
1886,261,4,SALE,-1,21,,Ref: sales_id=920,2025-01-31 14:21:32
1887,261,2,SALE,-1,20,,Ref: sales_id=1051,2025-03-18 12:43:03
1888,261,4,SALE,-1,19,,Ref: sales_id=1056,2025-03-21 09:28:35
1889,261,3,SALE,-1,18,,Ref: sales_id=1061,2025-03-24 14:03:35
1890,261,2,SALE,-1,17,,Ref: sales_id=1143,2025-05-22 15:09:54
1891,261,1,RESTOCK,14,31,711.0,Stock received from supplier,2025-06-12 09:00:00
1892,261,2,SALE,-1,30,,Ref: sales_id=1230,2025-07-09 08:03:29
1893,262,1,MANUAL_ADJUSTMENT,10,10,,Initial stock load (system go-live),2024-01-01 07:00:00
1894,262,1,RESTOCK,11,21,712.0,Stock received from supplier,2024-01-22 09:00:00
1895,262,1,RESTOCK,12,33,713.0,Stock received from supplier,2025-06-06 09:00:00
1896,262,4,SALE,-1,32,,Ref: sales_id=1355,2025-10-14 09:47:45
1897,263,1,MANUAL_ADJUSTMENT,10,10,,Initial stock load (system go-live),2024-01-01 07:00:00
1898,263,1,RESTOCK,11,21,714.0,Stock received from supplier,2024-01-18 09:00:00
1899,263,4,SALE,-1,20,,Ref: sales_id=890,2025-01-23 08:54:22
1900,263,1,RESTOCK,11,31,715.0,Stock received from supplier,2025-06-03 09:00:00
1901,264,1,MANUAL_ADJUSTMENT,10,10,,Initial stock load (system go-live),2024-01-01 07:00:00
1902,264,1,RESTOCK,14,24,717.0,Stock received from supplier,2025-01-10 09:00:00
1903,264,4,SALE,-10,14,,Ref: sales_id=1068,2025-03-26 12:46:48
1904,264,2,SALE,-10,4,,Ref: sales_id=1405,2025-12-12 13:38:07
1905,265,1,MANUAL_ADJUSTMENT,10,10,,Initial stock load (system go-live),2024-01-01 07:00:00
1906,265,1,RESTOCK,10,20,718.0,Stock received from supplier,2024-01-22 09:00:00
1907,265,3,SALE,-1,19,,Ref: sales_id=402,2024-09-06 13:35:43
1908,265,1,RESTOCK,9,28,719.0,Stock received from supplier,2025-06-09 09:00:00
1909,266,1,MANUAL_ADJUSTMENT,10,10,,Initial stock load (system go-live),2024-01-01 07:00:00
1910,266,1,RESTOCK,11,21,720.0,Stock received from supplier,2024-01-15 09:00:00
1911,266,2,SALE,-2,19,,Ref: sales_id=249,2024-05-30 13:27:04
1912,266,1,RESTOCK,14,33,721.0,Stock received from supplier,2025-05-30 09:00:00
1913,267,1,MANUAL_ADJUSTMENT,10,10,,Initial stock load (system go-live),2024-01-01 07:00:00
1914,267,1,RESTOCK,8,18,722.0,Stock received from supplier,2024-01-17 09:00:00
1915,267,3,SALE,-2,16,,Ref: sales_id=121,2024-02-22 17:03:33
1916,267,2,SALE,-3,13,,Ref: sales_id=125,2024-02-22 17:42:54
1917,267,1,RESTOCK,11,24,723.0,Stock received from supplier,2025-06-03 09:00:00
1918,268,1,MANUAL_ADJUSTMENT,10,10,,Initial stock load (system go-live),2024-01-01 07:00:00
1919,268,1,RESTOCK,11,21,724.0,Stock received from supplier,2024-01-18 09:00:00
1920,268,1,RESTOCK,9,30,725.0,Stock received from supplier,2024-08-05 09:00:00
1921,268,1,RESTOCK,14,44,726.0,Stock received from supplier,2025-02-26 09:00:00
1922,268,1,RESTOCK,8,52,727.0,Stock received from supplier,2025-09-07 09:00:00
1923,269,1,MANUAL_ADJUSTMENT,10,10,,Initial stock load (system go-live),2024-01-01 07:00:00
1924,269,1,RESTOCK,11,21,728.0,Stock received from supplier,2024-01-16 09:00:00
1925,269,4,SALE,-2,19,,Ref: sales_id=827,2025-01-13 09:42:50
1926,269,1,RESTOCK,13,32,729.0,Stock received from supplier,2025-05-29 09:00:00
1927,270,1,MANUAL_ADJUSTMENT,10,10,,Initial stock load (system go-live),2024-01-01 07:00:00
1928,270,3,SALE,-6,4,,Ref: sales_id=536,2024-11-15 12:00:25
1929,270,3,SALE,-4,0,,Ref: sales_id=810,2024-12-27 14:52:35
1930,270,3,SALE,0,0,,Ref: sales_id=1237,2025-07-13 12:16:14
1931,270,3,SALE,0,0,,Ref: sales_id=1375,2025-10-29 11:51:58
1932,270,1,RESTOCK,11,11,732.0,Stock received from supplier,2025-11-29 09:00:00
1933,271,1,MANUAL_ADJUSTMENT,10,10,,Initial stock load (system go-live),2024-01-01 07:00:00
1934,271,1,RESTOCK,12,22,733.0,Stock received from supplier,2024-01-20 09:00:00
1935,271,4,SALE,-1,21,,Ref: sales_id=320,2024-07-11 13:01:19
1936,271,1,RESTOCK,8,29,734.0,Stock received from supplier,2025-06-06 09:00:00
1937,272,1,MANUAL_ADJUSTMENT,10,10,,Initial stock load (system go-live),2024-01-01 07:00:00
1938,272,1,RESTOCK,8,18,735.0,Stock received from supplier,2024-01-14 09:00:00
1939,272,2,SALE,-2,16,,Ref: sales_id=985,2025-02-15 10:46:00
1940,272,4,SALE,-5,11,,Ref: sales_id=1037,2025-03-11 15:01:28
1941,272,1,RESTOCK,12,23,736.0,Stock received from supplier,2025-05-30 09:00:00
1942,273,1,MANUAL_ADJUSTMENT,10,10,,Initial stock load (system go-live),2024-01-01 07:00:00
1943,273,1,RESTOCK,12,22,737.0,Stock received from supplier,2024-01-09 09:00:00
1944,273,3,SALE,-6,16,,Ref: sales_id=566,2024-11-28 13:53:19
1945,273,1,RESTOCK,11,27,738.0,Stock received from supplier,2025-05-22 09:00:00
1946,274,1,MANUAL_ADJUSTMENT,10,10,,Initial stock load (system go-live),2024-01-01 07:00:00
1947,274,1,RESTOCK,9,19,739.0,Stock received from supplier,2024-01-17 09:00:00
1948,274,2,SALE,-1,18,,Ref: sales_id=132,2024-02-26 12:41:05
1949,274,2,SALE,-1,17,,Ref: sales_id=314,2024-07-04 08:24:37
1950,274,4,SALE,-1,16,,Ref: sales_id=369,2024-08-08 08:33:34
1951,274,2,SALE,-1,15,,Ref: sales_id=419,2024-09-20 09:05:04
1952,274,3,SALE,-3,12,,Ref: sales_id=444,2024-09-25 13:57:52
1953,274,3,SALE,-1,11,,Ref: sales_id=843,2025-01-15 16:19:14
1954,274,3,SALE,-1,10,,Ref: sales_id=1046,2025-03-14 08:41:47
1955,274,1,RESTOCK,14,24,740.0,Stock received from supplier,2025-05-30 09:00:00
1956,274,2,SALE,-1,23,,Ref: sales_id=1228,2025-07-08 12:11:12
1957,275,1,MANUAL_ADJUSTMENT,10,10,,Initial stock load (system go-live),2024-01-01 07:00:00
1958,275,2,SALE,-5,5,,Ref: sales_id=1092,2025-04-03 14:46:51
1959,275,1,RESTOCK,14,19,742.0,Stock received from supplier,2025-05-29 09:00:00
1960,276,1,MANUAL_ADJUSTMENT,10,10,,Initial stock load (system go-live),2024-01-01 07:00:00
1961,276,1,RESTOCK,11,21,743.0,Stock received from supplier,2024-01-19 09:00:00
1962,276,2,DAMAGED_LOST,-2,19,,Damaged/lost during handling (periodic check),2025-03-18 00:00:00
1963,276,2,SALE,-5,14,,Ref: sales_id=1091,2025-04-03 16:53:15
1964,276,1,RESTOCK,12,26,744.0,Stock received from supplier,2025-06-03 09:00:00
1965,277,1,MANUAL_ADJUSTMENT,10,10,,Initial stock load (system go-live),2024-01-01 07:00:00
1966,277,2,SALE,-1,9,,Ref: sales_id=958,2025-02-10 16:37:03
1967,277,1,RESTOCK,8,17,746.0,Stock received from supplier,2025-06-01 09:00:00
1968,278,1,MANUAL_ADJUSTMENT,10,10,,Initial stock load (system go-live),2024-01-01 07:00:00
1969,278,1,RESTOCK,10,20,747.0,Stock received from supplier,2024-01-12 09:00:00
1970,278,3,SALE,-6,14,,Ref: sales_id=567,2024-11-28 17:38:30
1971,278,1,RESTOCK,12,26,748.0,Stock received from supplier,2025-05-30 09:00:00
1972,279,1,MANUAL_ADJUSTMENT,10,10,,Initial stock load (system go-live),2024-01-01 07:00:00
1973,279,1,RESTOCK,13,23,749.0,Stock received from supplier,2024-01-24 09:00:00
1974,279,2,SALE,-2,21,,Ref: sales_id=830,2025-01-13 13:47:41
1975,279,1,RESTOCK,14,35,750.0,Stock received from supplier,2025-06-07 09:00:00
1976,279,2,SALE,-2,33,,Ref: sales_id=1218,2025-07-05 11:19:18
1977,280,1,MANUAL_ADJUSTMENT,10,10,,Initial stock load (system go-live),2024-01-01 07:00:00
1978,280,1,RESTOCK,11,21,751.0,Stock received from supplier,2024-01-09 09:00:00
1979,280,2,SALE,-4,17,,Ref: sales_id=709,2024-12-09 08:49:43
1980,280,2,SALE,-4,13,,Ref: sales_id=705,2024-12-09 14:45:15
1981,280,4,SALE,-1,12,,Ref: sales_id=704,2024-12-09 15:31:02
1982,280,1,RESTOCK,11,23,752.0,Stock received from supplier,2025-05-20 09:00:00
1983,281,1,MANUAL_ADJUSTMENT,10,10,,Initial stock load (system go-live),2024-01-01 07:00:00
1984,281,1,RESTOCK,14,24,753.0,Stock received from supplier,2024-01-12 09:00:00
1985,281,3,SALE,-1,23,,Ref: sales_id=62,2024-01-25 09:54:52
1986,281,1,RESTOCK,10,33,754.0,Stock received from supplier,2025-05-27 09:00:00
1987,281,2,SALE,-1,32,,Ref: sales_id=1358,2025-10-16 11:56:41
1988,282,1,MANUAL_ADJUSTMENT,10,10,,Initial stock load (system go-live),2024-01-01 07:00:00
1989,282,1,RESTOCK,14,24,755.0,Stock received from supplier,2024-01-15 09:00:00
1990,282,3,SALE,-7,17,,Ref: sales_id=598,2024-11-28 13:02:08
1991,282,1,RESTOCK,8,25,756.0,Stock received from supplier,2025-05-26 09:00:00
1992,283,1,MANUAL_ADJUSTMENT,10,10,,Initial stock load (system go-live),2024-01-01 07:00:00
1993,283,1,RESTOCK,12,22,757.0,Stock received from supplier,2024-01-11 09:00:00
1994,283,4,SALE,-1,21,,Ref: sales_id=373,2024-08-12 09:50:42
1995,284,1,MANUAL_ADJUSTMENT,10,10,,Initial stock load (system go-live),2024-01-01 07:00:00
1996,284,1,RESTOCK,9,19,759.0,Stock received from supplier,2024-01-21 09:00:00
1997,284,2,SALE,-1,18,,Ref: sales_id=760,2024-12-16 09:07:41
1998,284,1,RESTOCK,12,30,760.0,Stock received from supplier,2025-06-09 09:00:00
1999,285,1,MANUAL_ADJUSTMENT,10,10,,Initial stock load (system go-live),2024-01-01 07:00:00
2000,285,4,SALE,-4,6,,Ref: sales_id=538,2024-11-15 13:30:49
2001,286,1,MANUAL_ADJUSTMENT,10,10,,Initial stock load (system go-live),2024-01-01 07:00:00
2002,286,1,RESTOCK,8,18,763.0,Stock received from supplier,2024-01-16 09:00:00
2003,286,4,SALE,-1,17,,Ref: sales_id=1064,2025-03-25 14:06:37
2004,286,1,RESTOCK,14,31,764.0,Stock received from supplier,2025-05-26 09:00:00
2005,287,1,MANUAL_ADJUSTMENT,10,10,,Initial stock load (system go-live),2024-01-01 07:00:00
2006,287,1,RESTOCK,8,18,765.0,Stock received from supplier,2024-01-21 09:00:00
2007,287,3,SALE,-1,17,,Ref: sales_id=661,2024-11-30 16:24:48
2008,287,1,RESTOCK,9,26,766.0,Stock received from supplier,2025-06-08 09:00:00
2009,288,1,MANUAL_ADJUSTMENT,10,10,,Initial stock load (system go-live),2024-01-01 07:00:00
2010,288,1,RESTOCK,8,18,767.0,Stock received from supplier,2024-01-21 09:00:00
2011,288,4,SALE,-1,17,,Ref: sales_id=396,2024-09-04 16:17:40
2012,288,1,RESTOCK,13,30,768.0,Stock received from supplier,2025-06-02 09:00:00
2013,289,1,MANUAL_ADJUSTMENT,10,10,,Initial stock load (system go-live),2024-01-01 07:00:00
2014,289,2,SALE,-1,9,,Ref: sales_id=993,2025-02-17 14:11:57
2015,289,1,RESTOCK,8,17,770.0,Stock received from supplier,2025-06-01 09:00:00
2016,290,1,MANUAL_ADJUSTMENT,10,10,,Initial stock load (system go-live),2024-01-01 07:00:00
2017,290,1,RESTOCK,8,18,771.0,Stock received from supplier,2024-01-18 09:00:00
2018,290,3,SALE,-1,17,,Ref: sales_id=321,2024-07-12 16:35:48
2019,290,1,RESTOCK,12,29,772.0,Stock received from supplier,2025-06-03 09:00:00
2020,291,1,MANUAL_ADJUSTMENT,10,10,,Initial stock load (system go-live),2024-01-01 07:00:00
2021,291,2,SALE,-1,9,,Ref: sales_id=383,2024-08-28 13:41:20
2022,291,1,RESTOCK,10,19,774.0,Stock received from supplier,2025-05-31 09:00:00
2023,292,1,MANUAL_ADJUSTMENT,10,10,,Initial stock load (system go-live),2024-01-01 07:00:00
2024,292,1,RESTOCK,10,20,775.0,Stock received from supplier,2024-01-19 09:00:00
2025,292,4,SALE,-1,19,,Ref: sales_id=57,2024-01-24 10:35:53
2026,293,1,MANUAL_ADJUSTMENT,10,10,,Initial stock load (system go-live),2024-01-01 07:00:00
2027,293,2,SALE,-1,9,,Ref: sales_id=80,2024-02-01 12:46:47
2028,293,1,RESTOCK,9,18,778.0,Stock received from supplier,2025-06-02 09:00:00
2029,294,1,MANUAL_ADJUSTMENT,10,10,,Initial stock load (system go-live),2024-01-01 07:00:00
2030,294,4,SALE,-1,9,,Ref: sales_id=605,2024-11-28 10:29:50
2031,294,4,SALE,-1,8,,Ref: sales_id=669,2024-11-30 10:11:22
2032,294,3,SALE,-1,7,,Ref: sales_id=646,2024-11-30 10:12:06
2033,294,4,SALE,-1,6,,Ref: sales_id=790,2024-12-22 16:20:09
2034,294,1,RESTOCK,11,17,780.0,Stock received from supplier,2025-06-01 09:00:00
2035,295,1,MANUAL_ADJUSTMENT,10,10,,Initial stock load (system go-live),2024-01-01 07:00:00
2036,295,1,RESTOCK,8,18,781.0,Stock received from supplier,2024-01-13 09:00:00
2037,295,4,SALE,-4,14,,Ref: sales_id=124,2024-02-22 17:19:28
2038,295,1,RESTOCK,12,26,782.0,Stock received from supplier,2025-05-28 09:00:00
2039,296,1,MANUAL_ADJUSTMENT,10,10,,Initial stock load (system go-live),2024-01-01 07:00:00
2040,296,1,RESTOCK,13,23,783.0,Stock received from supplier,2024-01-23 09:00:00
2041,296,4,SALE,-1,22,,Ref: sales_id=673,2024-11-30 09:49:25
2042,296,2,SALE,-1,21,,Ref: sales_id=660,2024-11-30 12:41:45
2043,296,1,RESTOCK,14,35,784.0,Stock received from supplier,2025-06-03 09:00:00
2044,297,1,MANUAL_ADJUSTMENT,10,10,,Initial stock load (system go-live),2024-01-01 07:00:00
2045,297,1,RESTOCK,12,22,785.0,Stock received from supplier,2024-01-23 09:00:00
2046,297,3,SALE,-1,21,,Ref: sales_id=306,2024-07-03 12:49:12
2047,297,1,RESTOCK,8,29,786.0,Stock received from supplier,2025-06-07 09:00:00
2048,298,1,MANUAL_ADJUSTMENT,10,10,,Initial stock load (system go-live),2024-01-01 07:00:00
2049,298,1,RESTOCK,8,18,787.0,Stock received from supplier,2024-01-09 09:00:00
2050,298,4,SALE,-1,17,,Ref: sales_id=79,2024-02-01 09:34:50
2051,298,1,RESTOCK,8,25,788.0,Stock received from supplier,2025-05-21 09:00:00
2052,299,1,MANUAL_ADJUSTMENT,10,10,,Initial stock load (system go-live),2024-01-01 07:00:00
2053,299,1,RESTOCK,9,19,789.0,Stock received from supplier,2024-01-12 09:00:00
2054,299,1,RESTOCK,11,30,790.0,Stock received from supplier,2025-05-21 09:00:00
2055,299,3,SALE,-1,29,,Ref: sales_id=1380,2025-10-30 09:54:53
2056,300,1,MANUAL_ADJUSTMENT,10,10,,Initial stock load (system go-live),2024-01-01 07:00:00
2057,300,1,RESTOCK,12,22,791.0,Stock received from supplier,2024-01-09 09:00:00
2058,300,4,SALE,-1,21,,Ref: sales_id=945,2025-02-08 13:33:02
2059,300,1,RESTOCK,10,31,792.0,Stock received from supplier,2025-05-21 09:00:00
2060,300,2,SALE,-1,30,,Ref: sales_id=1393,2025-12-01 10:00:24
2061,301,1,MANUAL_ADJUSTMENT,10,10,,Initial stock load (system go-live),2024-01-01 07:00:00
2062,301,1,RESTOCK,12,22,793.0,Stock received from supplier,2024-01-15 09:00:00
2063,301,2,SALE,-1,21,,Ref: sales_id=216,2024-05-15 10:17:03
2064,301,1,RESTOCK,12,33,794.0,Stock received from supplier,2025-05-29 09:00:00
2065,302,1,MANUAL_ADJUSTMENT,10,10,,Initial stock load (system go-live),2024-01-01 07:00:00
2066,302,1,RESTOCK,10,20,795.0,Stock received from supplier,2024-01-15 09:00:00
2067,302,1,RESTOCK,11,31,796.0,Stock received from supplier,2025-05-24 09:00:00
2068,302,4,SALE,-5,26,,Ref: sales_id=1243,2025-07-15 12:38:40
2069,302,3,SALE,-5,21,,Ref: sales_id=1369,2025-10-27 13:33:14
2070,303,1,MANUAL_ADJUSTMENT,10,10,,Initial stock load (system go-live),2024-01-01 07:00:00
2071,303,1,RESTOCK,9,19,797.0,Stock received from supplier,2024-01-05 09:00:00
2072,303,4,SALE,-1,18,,Ref: sales_id=939,2025-02-07 14:50:09
2073,303,1,RESTOCK,10,28,798.0,Stock received from supplier,2025-05-21 09:00:00
2074,304,1,MANUAL_ADJUSTMENT,10,10,,Initial stock load (system go-live),2024-01-01 07:00:00
2075,304,1,RESTOCK,14,24,799.0,Stock received from supplier,2024-01-16 09:00:00
2076,304,3,SALE,-1,23,,Ref: sales_id=203,2024-04-30 14:48:45
2077,304,1,RESTOCK,14,37,800.0,Stock received from supplier,2025-05-30 09:00:00
2078,305,1,MANUAL_ADJUSTMENT,10,10,,Initial stock load (system go-live),2024-01-01 07:00:00
2079,305,1,RESTOCK,14,24,801.0,Stock received from supplier,2024-01-13 09:00:00
2080,305,3,SALE,-2,22,,Ref: sales_id=979,2025-02-15 10:23:19
2081,305,2,SALE,-3,19,,Ref: sales_id=980,2025-02-15 12:48:25
2082,305,1,RESTOCK,9,28,802.0,Stock received from supplier,2025-05-22 09:00:00
2083,306,1,MANUAL_ADJUSTMENT,10,10,,Initial stock load (system go-live),2024-01-01 07:00:00
2084,306,1,RESTOCK,9,19,803.0,Stock received from supplier,2024-01-13 09:00:00
2085,306,2,SALE,-1,18,,Ref: sales_id=256,2024-06-03 12:53:19
2086,306,1,RESTOCK,14,32,804.0,Stock received from supplier,2025-05-27 09:00:00
2087,307,1,MANUAL_ADJUSTMENT,10,10,,Initial stock load (system go-live),2024-01-01 07:00:00
2088,307,1,RESTOCK,10,20,805.0,Stock received from supplier,2024-01-25 09:00:00
2089,307,2,SALE,-2,18,,Ref: sales_id=528,2024-11-14 16:33:08
2090,307,2,SALE,-2,16,,Ref: sales_id=1106,2025-05-07 10:42:35
2091,307,1,RESTOCK,10,26,806.0,Stock received from supplier,2025-06-05 09:00:00
2092,308,1,MANUAL_ADJUSTMENT,10,10,,Initial stock load (system go-live),2024-01-01 07:00:00
2093,308,1,RESTOCK,13,23,807.0,Stock received from supplier,2024-01-15 09:00:00
2094,308,2,SALE,-2,21,,Ref: sales_id=384,2024-08-28 11:58:33
2095,308,2,SALE,-1,20,,Ref: sales_id=697,2024-12-05 16:08:29
2096,308,1,RESTOCK,9,29,808.0,Stock received from supplier,2025-06-02 09:00:00
2097,309,1,MANUAL_ADJUSTMENT,10,10,,Initial stock load (system go-live),2024-01-01 07:00:00
2098,309,1,RESTOCK,10,20,809.0,Stock received from supplier,2024-01-09 09:00:00
2099,309,3,SALE,-1,19,,Ref: sales_id=984,2025-02-15 16:41:48
2100,309,1,RESTOCK,10,29,810.0,Stock received from supplier,2025-05-22 09:00:00
2101,310,1,MANUAL_ADJUSTMENT,10,10,,Initial stock load (system go-live),2024-01-01 07:00:00
2102,310,1,RESTOCK,13,23,811.0,Stock received from supplier,2024-01-21 09:00:00
2103,310,4,SALE,-1,22,,Ref: sales_id=349,2024-07-29 12:25:45
2104,310,4,SALE,-1,21,,Ref: sales_id=355,2024-07-30 10:53:32
2105,310,2,DAMAGED_LOST,-1,20,,Damaged/lost during handling (periodic check),2025-03-28 00:00:00
2106,310,1,RESTOCK,14,34,812.0,Stock received from supplier,2025-06-07 09:00:00
2107,311,1,MANUAL_ADJUSTMENT,10,10,,Initial stock load (system go-live),2024-01-01 07:00:00
2108,311,1,RESTOCK,14,24,813.0,Stock received from supplier,2024-01-19 09:00:00
2109,311,3,SALE,-1,23,,Ref: sales_id=190,2024-04-19 15:51:14
2110,311,1,RESTOCK,11,34,814.0,Stock received from supplier,2025-06-04 09:00:00
2111,312,1,MANUAL_ADJUSTMENT,10,10,,Initial stock load (system go-live),2024-01-01 07:00:00
2112,312,2,SALE,-2,8,,Ref: sales_id=789,2024-12-22 10:17:42
2113,312,4,SALE,-1,7,,Ref: sales_id=1034,2025-03-11 16:45:48
2114,312,3,SALE,-1,6,,Ref: sales_id=1081,2025-03-29 08:02:03
2115,313,1,MANUAL_ADJUSTMENT,10,10,,Initial stock load (system go-live),2024-01-01 07:00:00
2116,313,1,RESTOCK,10,20,817.0,Stock received from supplier,2024-01-14 09:00:00
2117,313,4,SALE,-2,18,,Ref: sales_id=586,2024-11-28 15:45:39
2118,313,1,RESTOCK,9,27,818.0,Stock received from supplier,2025-05-26 09:00:00
2119,313,2,SALE,-2,25,,Ref: sales_id=1273,2025-08-02 15:59:49
2120,314,1,MANUAL_ADJUSTMENT,10,10,,Initial stock load (system go-live),2024-01-01 07:00:00
2121,314,1,RESTOCK,14,24,819.0,Stock received from supplier,2024-01-20 09:00:00
2122,314,2,SALE,-3,21,,Ref: sales_id=120,2024-02-22 08:08:36
2123,314,2,RETURN,3,24,,Customer return of sales_id=120,2024-02-27 08:08:36
2124,314,4,SALE,-3,21,,Ref: sales_id=1138,2025-05-20 11:13:36
2125,314,1,RESTOCK,11,32,820.0,Stock received from supplier,2025-06-04 09:00:00
2126,315,1,MANUAL_ADJUSTMENT,10,10,,Initial stock load (system go-live),2024-01-01 07:00:00
2127,315,1,RESTOCK,11,21,821.0,Stock received from supplier,2024-01-25 09:00:00
2128,315,3,SALE,-2,19,,Ref: sales_id=667,2024-11-30 13:13:04
2129,315,1,RESTOCK,11,30,822.0,Stock received from supplier,2025-06-07 09:00:00
2130,315,2,SALE,-2,28,,Ref: sales_id=1190,2025-06-20 12:30:08
2131,315,3,SALE,-2,26,,Ref: sales_id=1423,2025-12-26 17:07:06
2132,316,1,MANUAL_ADJUSTMENT,10,10,,Initial stock load (system go-live),2024-01-01 07:00:00
2133,316,3,SALE,-2,8,,Ref: sales_id=1014,2025-03-03 16:27:27
2134,316,1,RESTOCK,11,19,824.0,Stock received from supplier,2025-05-31 09:00:00
2135,317,1,MANUAL_ADJUSTMENT,10,10,,Initial stock load (system go-live),2024-01-01 07:00:00
2136,317,1,RESTOCK,11,21,825.0,Stock received from supplier,2024-01-20 09:00:00
2137,317,4,SALE,-2,19,,Ref: sales_id=87,2024-02-05 15:21:48
2138,317,1,RESTOCK,13,32,826.0,Stock received from supplier,2025-06-02 09:00:00
2139,318,1,MANUAL_ADJUSTMENT,10,10,,Initial stock load (system go-live),2024-01-01 07:00:00
2140,318,1,RESTOCK,11,21,827.0,Stock received from supplier,2024-01-14 09:00:00
2141,318,4,SALE,-5,16,,Ref: sales_id=893,2025-01-23 17:28:07
2142,318,1,RESTOCK,14,30,828.0,Stock received from supplier,2025-06-02 09:00:00
2143,319,1,MANUAL_ADJUSTMENT,10,10,,Initial stock load (system go-live),2024-01-01 07:00:00
2144,319,1,RESTOCK,8,18,829.0,Stock received from supplier,2024-01-05 09:00:00
2145,319,3,SALE,-5,13,,Ref: sales_id=1028,2025-03-11 13:54:02
2146,319,1,RESTOCK,10,23,830.0,Stock received from supplier,2025-05-21 09:00:00
2147,319,2,SALE,-5,18,,Ref: sales_id=1216,2025-07-04 17:42:56
2148,320,1,MANUAL_ADJUSTMENT,10,10,,Initial stock load (system go-live),2024-01-01 07:00:00
2149,320,1,RESTOCK,8,18,831.0,Stock received from supplier,2024-01-08 09:00:00
2150,320,2,SALE,-1,17,,Ref: sales_id=796,2024-12-22 10:48:45
2151,320,1,RESTOCK,11,28,832.0,Stock received from supplier,2025-05-21 09:00:00
2152,321,1,MANUAL_ADJUSTMENT,10,10,,Initial stock load (system go-live),2024-01-01 07:00:00
2153,321,4,SALE,-1,9,,Ref: sales_id=509,2024-10-30 16:19:52
2154,321,1,RESTOCK,11,20,834.0,Stock received from supplier,2025-05-24 09:00:00
2155,322,1,MANUAL_ADJUSTMENT,10,10,,Initial stock load (system go-live),2024-01-01 07:00:00
2156,322,1,RESTOCK,12,22,835.0,Stock received from supplier,2024-01-20 09:00:00
2157,322,3,SALE,-1,21,,Ref: sales_id=345,2024-07-26 17:37:44
2158,322,1,RESTOCK,10,31,836.0,Stock received from supplier,2025-06-02 09:00:00
2159,323,1,MANUAL_ADJUSTMENT,10,10,,Initial stock load (system go-live),2024-01-01 07:00:00
2160,323,2,SALE,-5,5,,Ref: sales_id=1029,2025-03-11 15:36:54
2161,323,1,RESTOCK,13,18,838.0,Stock received from supplier,2025-05-29 09:00:00
2162,324,1,MANUAL_ADJUSTMENT,10,10,,Initial stock load (system go-live),2024-01-01 07:00:00
2163,324,4,SALE,-1,9,,Ref: sales_id=741,2024-12-15 10:32:01
2164,324,4,DAMAGED_LOST,-3,6,,Damaged/lost during handling (periodic check),2025-05-19 00:00:00
2165,324,1,RESTOCK,8,14,840.0,Stock received from supplier,2025-06-07 09:00:00
2166,324,3,SALE,-1,13,,Ref: sales_id=1224,2025-07-07 13:40:30
2167,324,4,SALE,-1,12,,Ref: sales_id=1256,2025-07-24 12:41:08
2168,325,1,MANUAL_ADJUSTMENT,10,10,,Initial stock load (system go-live),2024-01-01 07:00:00
2169,325,1,RESTOCK,8,18,841.0,Stock received from supplier,2024-01-21 09:00:00
2170,325,3,SALE,-1,17,,Ref: sales_id=820,2025-01-08 15:24:42
2171,326,1,MANUAL_ADJUSTMENT,10,10,,Initial stock load (system go-live),2024-01-01 07:00:00
2172,326,2,SALE,-1,9,,Ref: sales_id=346,2024-07-26 17:23:15
2173,326,1,RESTOCK,9,18,844.0,Stock received from supplier,2025-06-01 09:00:00
2174,326,3,SALE,-1,17,,Ref: sales_id=1200,2025-06-25 17:19:13
2175,326,2,RETURN,1,18,,Customer return of sales_id=1200,2025-06-29 17:19:13
2176,327,1,MANUAL_ADJUSTMENT,10,10,,Initial stock load (system go-live),2024-01-01 07:00:00
2177,327,1,RESTOCK,10,20,845.0,Stock received from supplier,2024-01-12 09:00:00
2178,327,2,SALE,-1,19,,Ref: sales_id=440,2024-09-24 17:21:42
2179,328,1,MANUAL_ADJUSTMENT,10,10,,Initial stock load (system go-live),2024-01-01 07:00:00
2180,328,1,RESTOCK,10,20,847.0,Stock received from supplier,2024-01-19 09:00:00
2181,328,1,MANUAL_ADJUSTMENT,3,23,,Stocktake correction,2024-10-30 00:00:00
2182,328,4,SALE,-1,22,,Ref: sales_id=1063,2025-03-25 10:52:10
2183,328,4,SALE,-1,21,,Ref: sales_id=1145,2025-05-23 12:21:23
2184,328,4,RETURN,1,22,,Customer return of sales_id=1145,2025-05-25 12:21:23
2185,328,1,RESTOCK,14,36,848.0,Stock received from supplier,2025-06-01 09:00:00
2186,329,1,MANUAL_ADJUSTMENT,10,10,,Initial stock load (system go-live),2024-01-01 07:00:00
2187,329,1,RESTOCK,14,24,849.0,Stock received from supplier,2024-01-13 09:00:00
2188,329,4,SALE,-5,19,,Ref: sales_id=986,2025-02-15 16:15:15
2189,329,1,RESTOCK,9,28,850.0,Stock received from supplier,2025-05-25 09:00:00
2190,330,1,MANUAL_ADJUSTMENT,10,10,,Initial stock load (system go-live),2024-01-01 07:00:00
2191,330,2,SALE,-4,6,,Ref: sales_id=303,2024-06-28 16:16:26
2192,331,1,MANUAL_ADJUSTMENT,10,10,,Initial stock load (system go-live),2024-01-01 07:00:00
2193,331,1,RESTOCK,11,21,853.0,Stock received from supplier,2024-01-16 09:00:00
2194,331,3,SALE,-4,17,,Ref: sales_id=199,2024-04-30 10:42:24
2195,331,1,RESTOCK,13,30,854.0,Stock received from supplier,2025-06-01 09:00:00
2196,331,3,SALE,-4,26,,Ref: sales_id=1293,2025-08-10 10:23:30
2197,331,3,SALE,-4,22,,Ref: sales_id=1306,2025-08-16 08:23:05
2198,332,1,MANUAL_ADJUSTMENT,10,10,,Initial stock load (system go-live),2024-01-01 07:00:00
2199,332,1,RESTOCK,11,21,855.0,Stock received from supplier,2024-01-09 09:00:00
2200,332,3,SALE,-1,20,,Ref: sales_id=957,2025-02-10 11:21:55
2201,332,1,RESTOCK,12,32,856.0,Stock received from supplier,2025-05-23 09:00:00
2202,333,1,MANUAL_ADJUSTMENT,10,10,,Initial stock load (system go-live),2024-01-01 07:00:00
2203,333,2,SALE,-3,7,,Ref: sales_id=106,2024-02-14 16:07:44
2204,333,1,MANUAL_ADJUSTMENT,2,9,,Stocktake correction,2025-05-12 00:00:00
2205,333,1,RESTOCK,14,23,858.0,Stock received from supplier,2025-06-05 09:00:00
2206,334,1,MANUAL_ADJUSTMENT,10,10,,Initial stock load (system go-live),2024-01-01 07:00:00
2207,334,1,RESTOCK,12,22,859.0,Stock received from supplier,2024-01-20 09:00:00
2208,334,1,RESTOCK,9,31,860.0,Stock received from supplier,2025-06-06 09:00:00
2209,334,2,SALE,-1,30,,Ref: sales_id=1340,2025-10-06 08:10:40
2210,335,1,MANUAL_ADJUSTMENT,10,10,,Initial stock load (system go-live),2024-01-01 07:00:00
2211,335,3,SALE,-1,9,,Ref: sales_id=1066,2025-03-25 15:21:26
2212,335,1,RESTOCK,8,17,862.0,Stock received from supplier,2025-06-03 09:00:00
2213,335,4,SALE,-1,16,,Ref: sales_id=1294,2025-08-10 12:00:33
2214,336,1,MANUAL_ADJUSTMENT,10,10,,Initial stock load (system go-live),2024-01-01 07:00:00
2215,336,1,RESTOCK,13,23,863.0,Stock received from supplier,2024-01-09 09:00:00
2216,336,2,SALE,-1,22,,Ref: sales_id=759,2024-12-16 10:55:43
2217,336,1,RESTOCK,13,35,864.0,Stock received from supplier,2025-05-19 09:00:00
2218,337,1,MANUAL_ADJUSTMENT,10,10,,Initial stock load (system go-live),2024-01-01 07:00:00
2219,337,1,RESTOCK,11,21,865.0,Stock received from supplier,2024-01-12 09:00:00
2220,337,2,SALE,-2,19,,Ref: sales_id=994,2025-02-17 16:56:42
2221,337,1,RESTOCK,13,32,866.0,Stock received from supplier,2025-05-24 09:00:00
2222,338,1,MANUAL_ADJUSTMENT,10,10,,Initial stock load (system go-live),2024-01-01 07:00:00
2223,338,1,RESTOCK,11,21,867.0,Stock received from supplier,2024-01-20 09:00:00
2224,338,3,SALE,-1,20,,Ref: sales_id=234,2024-05-20 15:39:28
2225,338,1,RESTOCK,8,28,868.0,Stock received from supplier,2025-06-04 09:00:00
2226,339,1,MANUAL_ADJUSTMENT,10,10,,Initial stock load (system go-live),2024-01-01 07:00:00
2227,339,1,RESTOCK,13,23,869.0,Stock received from supplier,2024-01-24 09:00:00
2228,339,3,SALE,-1,22,,Ref: sales_id=235,2024-05-22 11:40:40
2229,340,1,MANUAL_ADJUSTMENT,10,10,,Initial stock load (system go-live),2024-01-01 07:00:00
2230,340,2,SALE,-1,9,,Ref: sales_id=72,2024-01-26 09:36:29
2231,340,1,RESTOCK,11,20,872.0,Stock received from supplier,2025-05-28 09:00:00
2232,341,1,MANUAL_ADJUSTMENT,10,10,,Initial stock load (system go-live),2024-01-01 07:00:00
2233,341,1,RESTOCK,10,20,873.0,Stock received from supplier,2024-01-09 09:00:00
2234,341,3,SALE,-2,18,,Ref: sales_id=205,2024-05-06 12:06:55
2235,341,4,RETURN,2,20,,Customer return of sales_id=205,2024-05-12 12:06:55
2236,342,1,MANUAL_ADJUSTMENT,10,10,,Initial stock load (system go-live),2024-01-01 07:00:00
2237,342,1,RESTOCK,8,18,875.0,Stock received from supplier,2024-01-27 09:00:00
2238,342,3,SALE,-1,17,,Ref: sales_id=874,2025-01-22 11:49:48
2239,343,1,MANUAL_ADJUSTMENT,10,10,,Initial stock load (system go-live),2024-01-01 07:00:00
2240,343,1,RESTOCK,12,22,877.0,Stock received from supplier,2024-01-10 09:00:00
2241,343,3,SALE,-1,21,,Ref: sales_id=332,2024-07-16 12:06:52
2242,343,1,RESTOCK,14,35,878.0,Stock received from supplier,2025-05-20 09:00:00
2243,344,1,MANUAL_ADJUSTMENT,10,10,,Initial stock load (system go-live),2024-01-01 07:00:00
2244,344,1,RESTOCK,12,22,879.0,Stock received from supplier,2024-01-09 09:00:00
2245,344,2,SALE,-1,21,,Ref: sales_id=975,2025-02-13 12:26:03
2246,344,1,RESTOCK,9,30,880.0,Stock received from supplier,2025-05-20 09:00:00
2247,345,1,MANUAL_ADJUSTMENT,10,10,,Initial stock load (system go-live),2024-01-01 07:00:00
2248,345,3,SALE,-1,9,,Ref: sales_id=953,2025-02-08 09:55:57
2249,345,2,SALE,-2,7,,Ref: sales_id=947,2025-02-08 10:19:46
2250,345,4,SALE,-2,5,,Ref: sales_id=1032,2025-03-11 15:55:31
2251,345,2,SALE,-1,4,,Ref: sales_id=1070,2025-03-27 14:27:29
2252,345,1,RESTOCK,9,13,882.0,Stock received from supplier,2025-06-01 09:00:00
2253,346,1,MANUAL_ADJUSTMENT,10,10,,Initial stock load (system go-live),2024-01-01 07:00:00
2254,346,1,RESTOCK,12,22,883.0,Stock received from supplier,2024-01-11 09:00:00
2255,346,4,SALE,-1,21,,Ref: sales_id=298,2024-06-26 15:16:29
2256,346,1,RESTOCK,12,33,884.0,Stock received from supplier,2025-05-29 09:00:00
2257,347,1,MANUAL_ADJUSTMENT,10,10,,Initial stock load (system go-live),2024-01-01 07:00:00
2258,347,1,RESTOCK,11,21,885.0,Stock received from supplier,2024-01-14 09:00:00
2259,347,4,SALE,-3,18,,Ref: sales_id=63,2024-01-25 13:36:27
2260,347,1,RESTOCK,11,29,886.0,Stock received from supplier,2025-05-23 09:00:00
2261,348,1,MANUAL_ADJUSTMENT,10,10,,Initial stock load (system go-live),2024-01-01 07:00:00
2262,348,1,RESTOCK,13,23,887.0,Stock received from supplier,2024-01-30 09:00:00
2263,348,3,SALE,-1,22,,Ref: sales_id=1049,2025-03-18 13:13:28
2264,349,1,MANUAL_ADJUSTMENT,10,10,,Initial stock load (system go-live),2024-01-01 07:00:00
2265,349,1,RESTOCK,9,19,889.0,Stock received from supplier,2024-01-14 09:00:00
2266,349,1,RESTOCK,14,33,890.0,Stock received from supplier,2025-05-30 09:00:00
2267,349,2,SALE,-1,32,,Ref: sales_id=1331,2025-09-02 15:40:05
2268,349,3,RETURN,1,33,,Customer return of sales_id=1331,2025-09-03 15:40:05
2269,350,1,MANUAL_ADJUSTMENT,10,10,,Initial stock load (system go-live),2024-01-01 07:00:00
2270,350,1,RESTOCK,10,20,891.0,Stock received from supplier,2024-01-26 09:00:00
2271,350,3,SALE,-1,19,,Ref: sales_id=163,2024-03-21 08:34:52
2272,350,1,RESTOCK,14,33,892.0,Stock received from supplier,2025-06-10 09:00:00
2273,351,1,MANUAL_ADJUSTMENT,10,10,,Initial stock load (system go-live),2024-01-01 07:00:00
2274,351,1,RESTOCK,13,23,893.0,Stock received from supplier,2024-01-19 09:00:00
2275,351,1,RESTOCK,12,35,894.0,Stock received from supplier,2025-06-01 09:00:00
2276,351,4,SALE,-1,34,,Ref: sales_id=1215,2025-07-04 08:22:52
2277,351,2,SALE,-1,33,,Ref: sales_id=1374,2025-10-29 08:49:08
2278,351,4,SALE,-1,32,,Ref: sales_id=1377,2025-10-29 10:59:19
2279,352,1,MANUAL_ADJUSTMENT,10,10,,Initial stock load (system go-live),2024-01-01 07:00:00
2280,352,1,RESTOCK,9,19,895.0,Stock received from supplier,2024-01-21 09:00:00
2281,352,3,SALE,-1,18,,Ref: sales_id=127,2024-02-24 10:46:23
2282,352,1,RESTOCK,12,30,896.0,Stock received from supplier,2025-05-30 09:00:00
2283,353,1,MANUAL_ADJUSTMENT,10,10,,Initial stock load (system go-live),2024-01-01 07:00:00
2284,353,1,RESTOCK,14,24,898.0,Stock received from supplier,2025-05-24 09:00:00
2285,353,3,SALE,-2,22,,Ref: sales_id=1295,2025-08-10 17:28:29
2286,353,3,SALE,-2,20,,Ref: sales_id=1334,2025-09-26 16:45:02
2287,354,1,MANUAL_ADJUSTMENT,10,10,,Initial stock load (system go-live),2024-01-01 07:00:00
2288,354,1,RESTOCK,12,22,899.0,Stock received from supplier,2024-01-20 09:00:00
2289,354,3,SALE,-1,21,,Ref: sales_id=376,2024-08-16 13:21:32
2290,354,1,RESTOCK,8,29,900.0,Stock received from supplier,2025-05-29 09:00:00
2291,355,1,MANUAL_ADJUSTMENT,10,10,,Initial stock load (system go-live),2024-01-01 07:00:00
2292,355,1,RESTOCK,9,19,901.0,Stock received from supplier,2024-01-16 09:00:00
2293,355,2,SALE,-1,18,,Ref: sales_id=182,2024-04-17 16:47:28
2294,355,2,SALE,-1,17,,Ref: sales_id=514,2024-10-31 09:50:23
2295,356,1,MANUAL_ADJUSTMENT,10,10,,Initial stock load (system go-live),2024-01-01 07:00:00
2296,356,3,SALE,-1,9,,Ref: sales_id=5,2024-01-05 10:36:49
2297,356,1,RESTOCK,13,22,903.0,Stock received from supplier,2024-01-22 09:00:00
2298,356,1,RESTOCK,9,31,904.0,Stock received from supplier,2025-06-03 09:00:00
2299,357,1,MANUAL_ADJUSTMENT,10,10,,Initial stock load (system go-live),2024-01-01 07:00:00
2300,357,1,RESTOCK,11,21,905.0,Stock received from supplier,2024-01-21 09:00:00
2301,357,1,RESTOCK,10,31,906.0,Stock received from supplier,2025-05-30 09:00:00
2302,357,4,SALE,-12,19,,Ref: sales_id=1339,2025-10-06 15:43:08
2303,358,1,MANUAL_ADJUSTMENT,10,10,,Initial stock load (system go-live),2024-01-01 07:00:00
2304,358,1,RESTOCK,8,18,907.0,Stock received from supplier,2024-01-16 09:00:00
2305,358,2,SALE,-1,17,,Ref: sales_id=482,2024-10-22 14:04:14
2306,358,1,RESTOCK,13,30,908.0,Stock received from supplier,2025-05-30 09:00:00
2307,359,1,MANUAL_ADJUSTMENT,10,10,,Initial stock load (system go-live),2024-01-01 07:00:00
2308,359,1,RESTOCK,14,24,909.0,Stock received from supplier,2024-01-08 09:00:00
2309,359,2,SALE,-1,23,,Ref: sales_id=521,2024-11-04 09:11:48
2310,359,1,RESTOCK,10,33,910.0,Stock received from supplier,2025-05-21 09:00:00
2311,360,1,MANUAL_ADJUSTMENT,10,10,,Initial stock load (system go-live),2024-01-01 07:00:00
2312,360,1,RESTOCK,9,19,911.0,Stock received from supplier,2024-01-21 09:00:00
2313,360,4,SALE,-1,18,,Ref: sales_id=92,2024-02-07 09:27:17
2314,360,1,RESTOCK,12,30,912.0,Stock received from supplier,2025-06-03 09:00:00
2315,361,1,MANUAL_ADJUSTMENT,10,10,,Initial stock load (system go-live),2024-01-01 07:00:00
2316,361,1,RESTOCK,12,22,913.0,Stock received from supplier,2024-01-16 09:00:00
2317,361,4,SALE,-1,21,,Ref: sales_id=343,2024-07-26 10:19:31
2318,361,4,SALE,-1,20,,Ref: sales_id=1261,2025-07-28 15:59:07
2319,362,1,MANUAL_ADJUSTMENT,10,10,,Initial stock load (system go-live),2024-01-01 07:00:00
2320,362,1,RESTOCK,12,22,915.0,Stock received from supplier,2024-01-11 09:00:00
2321,362,4,SALE,-2,20,,Ref: sales_id=1013,2025-03-03 14:01:34
2322,362,1,RESTOCK,14,34,916.0,Stock received from supplier,2025-05-23 09:00:00
2323,362,2,SALE,-2,32,,Ref: sales_id=1421,2025-12-25 11:48:48
2324,363,1,MANUAL_ADJUSTMENT,10,10,,Initial stock load (system go-live),2024-01-01 07:00:00
2325,363,1,RESTOCK,12,22,917.0,Stock received from supplier,2024-01-18 09:00:00
2326,363,4,SALE,-1,21,,Ref: sales_id=1039,2025-03-12 14:47:30
2327,363,1,RESTOCK,11,32,918.0,Stock received from supplier,2025-06-02 09:00:00
2328,363,3,SALE,-1,31,,Ref: sales_id=1270,2025-07-31 15:17:41
2329,364,1,MANUAL_ADJUSTMENT,10,10,,Initial stock load (system go-live),2024-01-01 07:00:00
2330,364,1,RESTOCK,12,22,919.0,Stock received from supplier,2024-01-13 09:00:00
2331,364,4,SALE,-3,19,,Ref: sales_id=504,2024-10-30 15:44:52
2332,364,1,RESTOCK,9,28,920.0,Stock received from supplier,2025-05-26 09:00:00
2333,365,1,MANUAL_ADJUSTMENT,10,10,,Initial stock load (system go-live),2024-01-01 07:00:00
2334,365,1,RESTOCK,12,22,921.0,Stock received from supplier,2024-01-17 09:00:00
2335,365,4,SALE,-2,20,,Ref: sales_id=460,2024-10-03 08:10:44
2336,365,1,RESTOCK,8,28,922.0,Stock received from supplier,2025-05-28 09:00:00
2337,366,1,MANUAL_ADJUSTMENT,10,10,,Initial stock load (system go-live),2024-01-01 07:00:00
2338,366,1,RESTOCK,11,21,923.0,Stock received from supplier,2024-01-18 09:00:00
2339,366,2,SALE,-2,19,,Ref: sales_id=201,2024-04-30 11:47:39
2340,366,1,RESTOCK,9,28,924.0,Stock received from supplier,2025-06-04 09:00:00
2341,367,1,MANUAL_ADJUSTMENT,10,10,,Initial stock load (system go-live),2024-01-01 07:00:00
2342,367,1,RESTOCK,10,20,925.0,Stock received from supplier,2024-01-25 09:00:00
2343,367,4,SALE,-1,19,,Ref: sales_id=378,2024-08-16 14:57:58
2344,367,1,RESTOCK,12,31,926.0,Stock received from supplier,2025-06-13 09:00:00
2345,368,1,MANUAL_ADJUSTMENT,10,10,,Initial stock load (system go-live),2024-01-01 07:00:00
2346,368,1,RESTOCK,10,20,927.0,Stock received from supplier,2024-01-08 09:00:00
2347,368,3,SALE,-1,19,,Ref: sales_id=779,2024-12-19 12:05:35
2348,368,1,RESTOCK,10,29,928.0,Stock received from supplier,2025-05-25 09:00:00
2349,369,1,MANUAL_ADJUSTMENT,10,10,,Initial stock load (system go-live),2024-01-01 07:00:00
2350,369,1,RESTOCK,8,18,929.0,Stock received from supplier,2024-01-17 09:00:00
2351,369,3,SALE,-1,17,,Ref: sales_id=291,2024-06-19 12:48:01
2352,369,1,RESTOCK,12,29,930.0,Stock received from supplier,2025-06-02 09:00:00
2353,370,1,MANUAL_ADJUSTMENT,10,10,,Initial stock load (system go-live),2024-01-01 07:00:00
2354,370,1,RESTOCK,8,18,931.0,Stock received from supplier,2024-01-09 09:00:00
2355,370,3,SALE,-1,17,,Ref: sales_id=589,2024-11-28 11:43:50
2356,370,1,RESTOCK,12,29,932.0,Stock received from supplier,2025-05-27 09:00:00
2357,371,1,MANUAL_ADJUSTMENT,10,10,,Initial stock load (system go-live),2024-01-01 07:00:00
2358,371,1,RESTOCK,10,20,933.0,Stock received from supplier,2024-01-16 09:00:00
2359,371,4,SALE,-1,19,,Ref: sales_id=245,2024-05-27 15:35:12
2360,371,1,RESTOCK,13,32,934.0,Stock received from supplier,2025-05-28 09:00:00
2361,372,1,MANUAL_ADJUSTMENT,10,10,,Initial stock load (system go-live),2024-01-01 07:00:00
2362,372,1,RESTOCK,9,19,935.0,Stock received from supplier,2024-01-15 09:00:00
2363,372,3,SALE,-1,18,,Ref: sales_id=832,2025-01-13 10:24:20
2364,373,1,MANUAL_ADJUSTMENT,10,10,,Initial stock load (system go-live),2024-01-01 07:00:00
2365,373,3,SALE,-5,5,,Ref: sales_id=1074,2025-03-27 17:21:33
2366,373,1,RESTOCK,8,13,938.0,Stock received from supplier,2025-06-04 09:00:00
2367,374,1,MANUAL_ADJUSTMENT,10,10,,Initial stock load (system go-live),2024-01-01 07:00:00
2368,374,1,RESTOCK,13,23,939.0,Stock received from supplier,2024-01-21 09:00:00
2369,374,3,SALE,-1,22,,Ref: sales_id=40,2024-01-22 12:10:41
2370,374,4,DAMAGED_LOST,-2,20,,Damaged/lost during handling (periodic check),2024-11-06 00:00:00
2371,374,2,DAMAGED_LOST,-1,19,,Damaged/lost during handling (periodic check),2025-05-12 00:00:00
2372,375,1,MANUAL_ADJUSTMENT,10,10,,Initial stock load (system go-live),2024-01-01 07:00:00
2373,375,1,RESTOCK,10,20,941.0,Stock received from supplier,2024-01-25 09:00:00
2374,375,1,RESTOCK,13,33,942.0,Stock received from supplier,2025-06-09 09:00:00
2375,375,4,SALE,-1,32,,Ref: sales_id=1381,2025-10-31 10:50:34
2376,376,1,MANUAL_ADJUSTMENT,10,10,,Initial stock load (system go-live),2024-01-01 07:00:00
2377,376,1,RESTOCK,14,24,943.0,Stock received from supplier,2024-01-18 09:00:00
2378,376,4,SALE,-1,23,,Ref: sales_id=710,2024-12-09 14:37:47
2379,376,3,SALE,-1,22,,Ref: sales_id=1100,2025-05-04 12:05:20
2380,377,1,MANUAL_ADJUSTMENT,10,10,,Initial stock load (system go-live),2024-01-01 07:00:00
2381,377,1,RESTOCK,14,24,945.0,Stock received from supplier,2024-01-25 09:00:00
2382,377,2,SALE,-1,23,,Ref: sales_id=337,2024-07-19 14:32:30
2383,377,3,RETURN,1,24,,Customer return of sales_id=337,2024-07-25 14:32:30
2384,377,1,RESTOCK,9,33,946.0,Stock received from supplier,2025-06-06 09:00:00
2385,377,2,SALE,-1,32,,Ref: sales_id=1311,2025-08-20 11:46:39
2386,377,4,SALE,-1,31,,Ref: sales_id=1424,2025-12-27 14:48:38
2387,378,1,MANUAL_ADJUSTMENT,10,10,,Initial stock load (system go-live),2024-01-01 07:00:00
2388,378,1,RESTOCK,14,24,947.0,Stock received from supplier,2024-01-13 09:00:00
2389,378,4,SALE,-1,23,,Ref: sales_id=171,2024-04-11 08:38:56
2390,378,1,RESTOCK,11,34,948.0,Stock received from supplier,2025-05-22 09:00:00
2391,378,4,SALE,-1,33,,Ref: sales_id=1419,2025-12-24 17:09:58
2392,379,1,MANUAL_ADJUSTMENT,10,10,,Initial stock load (system go-live),2024-01-01 07:00:00
2393,379,4,SALE,-1,9,,Ref: sales_id=762,2024-12-16 14:44:55
2394,379,1,RESTOCK,9,18,950.0,Stock received from supplier,2025-05-29 09:00:00
2395,380,1,MANUAL_ADJUSTMENT,10,10,,Initial stock load (system go-live),2024-01-01 07:00:00
2396,380,3,SALE,-1,9,,Ref: sales_id=436,2024-09-23 17:05:28
2397,380,1,RESTOCK,11,20,952.0,Stock received from supplier,2025-06-08 09:00:00
2398,381,1,MANUAL_ADJUSTMENT,10,10,,Initial stock load (system go-live),2024-01-01 07:00:00
2399,381,1,RESTOCK,10,20,953.0,Stock received from supplier,2024-01-08 09:00:00
2400,381,4,SALE,-1,19,,Ref: sales_id=500,2024-10-30 09:15:54
2401,381,1,RESTOCK,8,27,954.0,Stock received from supplier,2025-05-21 09:00:00
2402,382,1,MANUAL_ADJUSTMENT,10,10,,Initial stock load (system go-live),2024-01-01 07:00:00
2403,382,1,RESTOCK,11,21,955.0,Stock received from supplier,2024-01-21 09:00:00
2404,382,2,SALE,-1,20,,Ref: sales_id=737,2024-12-15 11:49:15
2405,382,1,RESTOCK,8,28,956.0,Stock received from supplier,2025-06-07 09:00:00
2406,383,1,MANUAL_ADJUSTMENT,10,10,,Initial stock load (system go-live),2024-01-01 07:00:00
2407,383,1,RESTOCK,13,23,957.0,Stock received from supplier,2024-01-16 09:00:00
2408,383,2,SALE,-1,22,,Ref: sales_id=1077,2025-03-28 16:03:34
2409,384,1,MANUAL_ADJUSTMENT,10,10,,Initial stock load (system go-live),2024-01-01 07:00:00
2410,384,1,RESTOCK,14,24,959.0,Stock received from supplier,2024-01-22 09:00:00
2411,384,3,SALE,-5,19,,Ref: sales_id=1027,2025-03-11 12:31:47
2412,384,1,RESTOCK,8,27,960.0,Stock received from supplier,2025-06-10 09:00:00
2413,385,1,MANUAL_ADJUSTMENT,10,10,,Initial stock load (system go-live),2024-01-01 07:00:00
2414,385,4,SALE,-1,9,,Ref: sales_id=1048,2025-03-18 15:50:11
2415,385,1,RESTOCK,13,22,962.0,Stock received from supplier,2025-06-05 09:00:00
2416,386,1,MANUAL_ADJUSTMENT,10,10,,Initial stock load (system go-live),2024-01-01 07:00:00
2417,386,1,RESTOCK,12,22,963.0,Stock received from supplier,2024-01-10 09:00:00
2418,386,2,SALE,-1,21,,Ref: sales_id=758,2024-12-16 09:12:23
2419,386,1,RESTOCK,13,34,964.0,Stock received from supplier,2025-05-26 09:00:00
2420,387,1,MANUAL_ADJUSTMENT,10,10,,Initial stock load (system go-live),2024-01-01 07:00:00
2421,387,3,SALE,-2,8,,Ref: sales_id=195,2024-04-29 10:15:40
2422,387,1,RESTOCK,8,16,966.0,Stock received from supplier,2025-05-27 09:00:00
2423,388,1,MANUAL_ADJUSTMENT,10,10,,Initial stock load (system go-live),2024-01-01 07:00:00
2424,388,1,RESTOCK,8,18,967.0,Stock received from supplier,2024-01-11 09:00:00
2425,388,2,SALE,-2,16,,Ref: sales_id=936,2025-02-06 12:10:04
2426,388,1,RESTOCK,10,26,968.0,Stock received from supplier,2025-05-24 09:00:00
2427,389,1,MANUAL_ADJUSTMENT,10,10,,Initial stock load (system go-live),2024-01-01 07:00:00
2428,389,1,RESTOCK,12,22,969.0,Stock received from supplier,2024-01-10 09:00:00
2429,389,4,SALE,-1,21,,Ref: sales_id=147,2024-03-12 12:08:20
2430,389,3,SALE,-1,20,,Ref: sales_id=1260,2025-07-27 16:18:10
2431,390,1,MANUAL_ADJUSTMENT,10,10,,Initial stock load (system go-live),2024-01-01 07:00:00
2432,390,1,RESTOCK,10,20,971.0,Stock received from supplier,2024-01-06 09:00:00
2433,390,2,SALE,-3,17,,Ref: sales_id=941,2025-02-08 08:59:41
2434,390,1,RESTOCK,11,28,972.0,Stock received from supplier,2025-05-25 09:00:00
2435,391,1,MANUAL_ADJUSTMENT,10,10,,Initial stock load (system go-live),2024-01-01 07:00:00
2436,391,3,SALE,-1,9,,Ref: sales_id=11,2024-01-10 10:09:23
2437,391,1,RESTOCK,9,18,973.0,Stock received from supplier,2024-01-16 09:00:00
2438,391,4,SALE,-1,17,,Ref: sales_id=992,2025-02-17 08:54:20
2439,391,1,RESTOCK,11,28,974.0,Stock received from supplier,2025-05-31 09:00:00
2440,391,2,SALE,-1,27,,Ref: sales_id=1186,2025-06-18 11:02:20
2441,391,3,SALE,-1,26,,Ref: sales_id=1328,2025-08-31 13:19:24
2442,392,1,MANUAL_ADJUSTMENT,10,10,,Initial stock load (system go-live),2024-01-01 07:00:00
2443,392,1,RESTOCK,9,19,975.0,Stock received from supplier,2024-01-25 09:00:00
2444,392,2,SALE,-1,18,,Ref: sales_id=940,2025-02-07 13:31:54
2445,392,1,RESTOCK,11,29,976.0,Stock received from supplier,2025-06-06 09:00:00
2446,393,1,MANUAL_ADJUSTMENT,10,10,,Initial stock load (system go-live),2024-01-01 07:00:00
2447,393,1,RESTOCK,12,22,977.0,Stock received from supplier,2024-01-15 09:00:00
2448,393,4,SALE,-1,21,,Ref: sales_id=804,2024-12-22 16:47:48
2449,393,1,RESTOCK,11,32,978.0,Stock received from supplier,2025-06-03 09:00:00
2450,394,1,MANUAL_ADJUSTMENT,10,10,,Initial stock load (system go-live),2024-01-01 07:00:00
2451,394,3,SALE,-1,9,,Ref: sales_id=102,2024-02-09 11:39:22
2452,394,4,SALE,-1,8,,Ref: sales_id=100,2024-02-09 17:49:31
2453,394,1,RESTOCK,10,18,980.0,Stock received from supplier,2025-05-24 09:00:00
2454,394,4,SALE,-1,17,,Ref: sales_id=1257,2025-07-24 14:56:20
2455,395,1,MANUAL_ADJUSTMENT,10,10,,Initial stock load (system go-live),2024-01-01 07:00:00
2456,395,1,RESTOCK,11,21,981.0,Stock received from supplier,2024-01-12 09:00:00
2457,395,3,SALE,-1,20,,Ref: sales_id=658,2024-11-30 11:53:31
2458,395,1,RESTOCK,8,28,982.0,Stock received from supplier,2025-05-22 09:00:00
2459,396,1,MANUAL_ADJUSTMENT,10,10,,Initial stock load (system go-live),2024-01-01 07:00:00
2460,396,1,RESTOCK,12,22,983.0,Stock received from supplier,2024-01-16 09:00:00
2461,396,3,SALE,-1,21,,Ref: sales_id=1031,2025-03-11 11:36:23
2462,396,1,RESTOCK,9,30,984.0,Stock received from supplier,2025-05-26 09:00:00
2463,397,1,MANUAL_ADJUSTMENT,10,10,,Initial stock load (system go-live),2024-01-01 07:00:00
2464,397,1,RESTOCK,9,19,985.0,Stock received from supplier,2024-01-23 09:00:00
2465,397,4,SALE,-1,18,,Ref: sales_id=1018,2025-03-05 16:00:37
2466,397,1,RESTOCK,9,27,986.0,Stock received from supplier,2025-06-08 09:00:00
2467,398,1,MANUAL_ADJUSTMENT,10,10,,Initial stock load (system go-live),2024-01-01 07:00:00
2468,398,1,RESTOCK,11,21,987.0,Stock received from supplier,2024-01-08 09:00:00
2469,398,3,SALE,-1,20,,Ref: sales_id=943,2025-02-08 13:23:17
2470,398,1,RESTOCK,14,34,988.0,Stock received from supplier,2025-05-17 09:00:00
2471,399,1,MANUAL_ADJUSTMENT,10,10,,Initial stock load (system go-live),2024-01-01 07:00:00
2472,399,1,RESTOCK,9,19,989.0,Stock received from supplier,2024-01-07 09:00:00
2473,399,3,SALE,-2,17,,Ref: sales_id=850,2025-01-15 12:40:04
2474,399,1,RESTOCK,14,31,990.0,Stock received from supplier,2025-05-24 09:00:00
2475,400,1,MANUAL_ADJUSTMENT,10,10,,Initial stock load (system go-live),2024-01-01 07:00:00
2476,400,1,RESTOCK,12,22,991.0,Stock received from supplier,2024-01-18 09:00:00
2477,400,2,SALE,-2,20,,Ref: sales_id=385,2024-08-28 16:06:07
2478,401,1,MANUAL_ADJUSTMENT,10,10,,Initial stock load (system go-live),2024-01-01 07:00:00
2479,401,2,SALE,-1,9,,Ref: sales_id=1045,2025-03-14 11:50:31
2480,401,1,RESTOCK,11,20,994.0,Stock received from supplier,2025-05-17 09:00:00
2481,402,1,MANUAL_ADJUSTMENT,10,10,,Initial stock load (system go-live),2024-01-01 07:00:00
2482,402,1,RESTOCK,9,19,995.0,Stock received from supplier,2024-01-20 09:00:00
2483,402,3,SALE,-1,18,,Ref: sales_id=977,2025-02-14 10:46:07
2484,402,1,RESTOCK,8,26,996.0,Stock received from supplier,2025-05-31 09:00:00
2485,403,1,MANUAL_ADJUSTMENT,10,10,,Initial stock load (system go-live),2024-01-01 07:00:00
2486,403,1,RESTOCK,8,18,997.0,Stock received from supplier,2024-01-14 09:00:00
2487,403,3,SALE,-1,17,,Ref: sales_id=1041,2025-03-12 17:07:24
2488,404,1,MANUAL_ADJUSTMENT,10,10,,Initial stock load (system go-live),2024-01-01 07:00:00
2489,404,1,RESTOCK,12,22,999.0,Stock received from supplier,2024-01-24 09:00:00
2490,404,3,SALE,-1,21,,Ref: sales_id=439,2024-09-24 11:37:04
2491,404,3,SALE,-1,20,,Ref: sales_id=1140,2025-05-20 15:22:54
2492,404,1,RESTOCK,12,32,1000.0,Stock received from supplier,2025-06-05 09:00:00
2493,405,1,MANUAL_ADJUSTMENT,10,10,,Initial stock load (system go-live),2024-01-01 07:00:00
2494,405,1,RESTOCK,9,19,1001.0,Stock received from supplier,2024-01-12 09:00:00
2495,405,3,SALE,-1,18,,Ref: sales_id=502,2024-10-30 14:02:45
2496,406,1,MANUAL_ADJUSTMENT,10,10,,Initial stock load (system go-live),2024-01-01 07:00:00
2497,406,1,RESTOCK,8,18,1003.0,Stock received from supplier,2024-01-13 09:00:00
2498,406,2,SALE,-2,16,,Ref: sales_id=159,2024-03-19 08:11:25
2499,406,2,SALE,-2,14,,Ref: sales_id=1148,2025-05-25 13:13:34
2500,406,1,RESTOCK,14,28,1004.0,Stock received from supplier,2025-06-01 09:00:00
2501,407,1,MANUAL_ADJUSTMENT,10,10,,Initial stock load (system go-live),2024-01-01 07:00:00
2502,407,4,SALE,-1,9,,Ref: sales_id=61,2024-01-25 13:07:58
2503,407,1,RESTOCK,8,17,1006.0,Stock received from supplier,2025-05-20 09:00:00
2504,408,1,MANUAL_ADJUSTMENT,10,10,,Initial stock load (system go-live),2024-01-01 07:00:00
2505,408,1,RESTOCK,13,23,1007.0,Stock received from supplier,2024-01-13 09:00:00
2506,408,4,SALE,-1,22,,Ref: sales_id=795,2024-12-22 09:18:16
2507,408,2,SALE,-1,21,,Ref: sales_id=1422,2025-12-26 09:32:14
2508,409,1,MANUAL_ADJUSTMENT,10,10,,Initial stock load (system go-live),2024-01-01 07:00:00
2509,409,1,RESTOCK,12,22,1009.0,Stock received from supplier,2024-01-22 09:00:00
2510,409,4,SALE,-1,21,,Ref: sales_id=58,2024-01-24 13:28:09
2511,409,1,RESTOCK,11,32,1010.0,Stock received from supplier,2025-06-06 09:00:00
2512,409,2,SALE,-1,31,,Ref: sales_id=1210,2025-07-03 15:11:42
2513,410,1,MANUAL_ADJUSTMENT,10,10,,Initial stock load (system go-live),2024-01-01 07:00:00
2514,410,1,RESTOCK,12,22,1011.0,Stock received from supplier,2024-01-20 09:00:00
2515,410,2,SALE,-2,20,,Ref: sales_id=962,2025-02-11 11:17:16
2516,411,1,MANUAL_ADJUSTMENT,10,10,,Initial stock load (system go-live),2024-01-01 07:00:00
2517,411,1,RESTOCK,9,19,1013.0,Stock received from supplier,2024-01-14 09:00:00
2518,411,4,SALE,-1,18,,Ref: sales_id=156,2024-03-18 15:41:56
2519,411,1,RESTOCK,10,28,1014.0,Stock received from supplier,2025-06-02 09:00:00
2520,412,1,MANUAL_ADJUSTMENT,10,10,,Initial stock load (system go-live),2024-01-01 07:00:00
2521,412,1,RESTOCK,10,20,1015.0,Stock received from supplier,2024-01-07 09:00:00
2522,412,3,SALE,-2,18,,Ref: sales_id=246,2024-05-27 09:54:18
2523,412,4,SALE,-1,17,,Ref: sales_id=350,2024-07-29 17:07:33
2524,412,4,SALE,-4,13,,Ref: sales_id=400,2024-09-05 16:59:00
2525,412,1,RESTOCK,8,21,1016.0,Stock received from supplier,2025-05-16 09:00:00
2526,413,1,MANUAL_ADJUSTMENT,10,10,,Initial stock load (system go-live),2024-01-01 07:00:00
2527,413,1,RESTOCK,10,20,1017.0,Stock received from supplier,2024-01-12 09:00:00
2528,413,3,SALE,-10,10,,Ref: sales_id=967,2025-02-12 09:51:19
2529,413,1,RESTOCK,10,20,1018.0,Stock received from supplier,2025-05-23 09:00:00
2530,414,1,MANUAL_ADJUSTMENT,10,10,,Initial stock load (system go-live),2024-01-01 07:00:00
2531,414,1,RESTOCK,12,22,1019.0,Stock received from supplier,2024-01-16 09:00:00
2532,414,4,SALE,-2,20,,Ref: sales_id=184,2024-04-17 10:26:24
2533,415,1,MANUAL_ADJUSTMENT,10,10,,Initial stock load (system go-live),2024-01-01 07:00:00
2534,415,2,SALE,-1,9,,Ref: sales_id=472,2024-10-14 10:47:38
2535,416,1,MANUAL_ADJUSTMENT,10,10,,Initial stock load (system go-live),2024-01-01 07:00:00
2536,416,3,SALE,-4,6,,Ref: sales_id=70,2024-01-26 16:06:42
2537,416,1,RESTOCK,8,14,1024.0,Stock received from supplier,2025-05-29 09:00:00
2538,417,1,MANUAL_ADJUSTMENT,10,10,,Initial stock load (system go-live),2024-01-01 07:00:00
2539,417,1,RESTOCK,9,19,1025.0,Stock received from supplier,2024-01-17 09:00:00
2540,417,4,SALE,-1,18,,Ref: sales_id=1040,2025-03-12 15:05:48
2541,417,1,RESTOCK,11,29,1026.0,Stock received from supplier,2025-06-03 09:00:00
2542,418,1,MANUAL_ADJUSTMENT,10,10,,Initial stock load (system go-live),2024-01-01 07:00:00
2543,418,1,RESTOCK,12,22,1027.0,Stock received from supplier,2024-01-14 09:00:00
2544,418,1,RESTOCK,12,34,1028.0,Stock received from supplier,2025-05-25 09:00:00
2545,418,2,SALE,-1,33,,Ref: sales_id=1265,2025-07-29 09:04:04
2546,418,4,SALE,-1,32,,Ref: sales_id=1335,2025-09-26 12:34:31
2547,419,1,MANUAL_ADJUSTMENT,10,10,,Initial stock load (system go-live),2024-01-01 07:00:00
2548,419,2,SALE,-1,9,,Ref: sales_id=964,2025-02-12 13:13:29
2549,419,1,RESTOCK,8,17,1030.0,Stock received from supplier,2025-05-26 09:00:00
2550,420,1,MANUAL_ADJUSTMENT,10,10,,Initial stock load (system go-live),2024-01-01 07:00:00
2551,420,1,RESTOCK,14,24,1031.0,Stock received from supplier,2024-01-08 09:00:00
2552,420,2,SALE,-1,23,,Ref: sales_id=1011,2025-03-03 14:01:22
2553,420,1,RESTOCK,8,31,1032.0,Stock received from supplier,2025-05-19 09:00:00
2554,421,1,MANUAL_ADJUSTMENT,10,10,,Initial stock load (system go-live),2024-01-01 07:00:00
2555,421,1,RESTOCK,8,18,1033.0,Stock received from supplier,2024-01-15 09:00:00
2556,421,3,SALE,-1,17,,Ref: sales_id=251,2024-06-03 13:09:27
2557,421,2,SALE,-1,16,,Ref: sales_id=357,2024-08-03 16:55:40
2558,421,3,DAMAGED_LOST,-1,15,,Damaged/lost during handling (periodic check),2025-05-05 00:00:00
2559,421,1,RESTOCK,8,23,1034.0,Stock received from supplier,2025-06-03 09:00:00
2560,422,1,MANUAL_ADJUSTMENT,10,10,,Initial stock load (system go-live),2024-01-01 07:00:00
2561,422,4,SALE,-1,9,,Ref: sales_id=387,2024-08-28 15:17:29
2562,422,1,RESTOCK,11,20,1036.0,Stock received from supplier,2025-05-29 09:00:00
2563,423,1,MANUAL_ADJUSTMENT,10,10,,Initial stock load (system go-live),2024-01-01 07:00:00
2564,423,1,RESTOCK,11,21,1037.0,Stock received from supplier,2024-01-22 09:00:00
2565,423,1,RESTOCK,11,32,1038.0,Stock received from supplier,2024-08-07 09:00:00
2566,423,1,RESTOCK,13,45,1039.0,Stock received from supplier,2025-02-21 09:00:00
2567,423,1,RESTOCK,9,54,1040.0,Stock received from supplier,2025-09-06 09:00:00
2568,423,4,DAMAGED_LOST,-2,52,,Damaged/lost during handling (periodic check),2025-09-23 00:00:00
2569,424,1,MANUAL_ADJUSTMENT,10,10,,Initial stock load (system go-live),2024-01-01 07:00:00
2570,424,1,RESTOCK,8,18,1041.0,Stock received from supplier,2024-01-09 09:00:00
2571,424,3,SALE,-1,17,,Ref: sales_id=304,2024-06-28 11:11:45
2572,424,1,RESTOCK,9,26,1042.0,Stock received from supplier,2025-05-22 09:00:00
2573,425,1,MANUAL_ADJUSTMENT,10,10,,Initial stock load (system go-live),2024-01-01 07:00:00
2574,425,1,RESTOCK,12,22,1043.0,Stock received from supplier,2024-01-09 09:00:00
2575,425,2,SALE,-2,20,,Ref: sales_id=918,2025-01-31 09:41:57
2576,426,1,MANUAL_ADJUSTMENT,10,10,,Initial stock load (system go-live),2024-01-01 07:00:00
2577,426,1,RESTOCK,12,22,1045.0,Stock received from supplier,2024-01-19 09:00:00
2578,426,2,SALE,-1,21,,Ref: sales_id=930,2025-02-03 12:36:23
2579,426,1,RESTOCK,10,31,1046.0,Stock received from supplier,2025-06-03 09:00:00
2580,427,1,MANUAL_ADJUSTMENT,10,10,,Initial stock load (system go-live),2024-01-01 07:00:00
2581,427,1,RESTOCK,12,22,1047.0,Stock received from supplier,2024-01-13 09:00:00
2582,427,4,SALE,-2,20,,Ref: sales_id=924,2025-01-31 09:27:57
2583,427,1,RESTOCK,10,30,1048.0,Stock received from supplier,2025-05-31 09:00:00
2584,428,1,MANUAL_ADJUSTMENT,10,10,,Initial stock load (system go-live),2024-01-01 07:00:00
2585,428,1,RESTOCK,8,18,1049.0,Stock received from supplier,2024-01-16 09:00:00
2586,428,2,SALE,-2,16,,Ref: sales_id=913,2025-01-31 08:17:31
2587,428,1,RESTOCK,12,28,1050.0,Stock received from supplier,2025-05-29 09:00:00
2588,429,1,MANUAL_ADJUSTMENT,10,10,,Initial stock load (system go-live),2024-01-01 07:00:00
2589,429,1,RESTOCK,9,19,1051.0,Stock received from supplier,2024-01-19 09:00:00
2590,429,3,SALE,-5,14,,Ref: sales_id=983,2025-02-15 17:35:49
2591,429,4,SALE,-5,9,,Ref: sales_id=1158,2025-05-28 15:47:42
2592,429,1,RESTOCK,9,18,1052.0,Stock received from supplier,2025-06-04 09:00:00
2593,430,1,MANUAL_ADJUSTMENT,10,10,,Initial stock load (system go-live),2024-01-01 07:00:00
2594,430,1,RESTOCK,12,22,1053.0,Stock received from supplier,2024-01-20 09:00:00
2595,430,4,SALE,-2,20,,Ref: sales_id=435,2024-09-21 08:09:22
2596,431,1,MANUAL_ADJUSTMENT,10,10,,Initial stock load (system go-live),2024-01-01 07:00:00
2597,431,1,RESTOCK,14,24,1055.0,Stock received from supplier,2024-01-17 09:00:00
2598,431,4,SALE,-2,22,,Ref: sales_id=37,2024-01-19 17:23:46
2599,431,4,SALE,-2,20,,Ref: sales_id=1099,2025-05-04 12:37:30
2600,431,1,RESTOCK,11,31,1056.0,Stock received from supplier,2025-05-31 09:00:00
2601,431,2,SALE,-2,29,,Ref: sales_id=1240,2025-07-14 12:58:09
2602,432,1,MANUAL_ADJUSTMENT,10,10,,Initial stock load (system go-live),2024-01-01 07:00:00
2603,432,1,RESTOCK,10,20,1057.0,Stock received from supplier,2024-01-09 09:00:00
2604,432,2,SALE,-2,18,,Ref: sales_id=334,2024-07-16 15:58:47
2605,432,3,SALE,-2,16,,Ref: sales_id=1152,2025-05-26 16:19:47
2606,432,1,RESTOCK,13,29,1058.0,Stock received from supplier,2025-05-30 09:00:00
2607,433,1,MANUAL_ADJUSTMENT,10,10,,Initial stock load (system go-live),2024-01-01 07:00:00
2608,433,1,RESTOCK,10,20,1059.0,Stock received from supplier,2024-01-09 09:00:00
2609,433,4,SALE,-2,18,,Ref: sales_id=997,2025-02-17 14:27:07
2610,434,1,MANUAL_ADJUSTMENT,10,10,,Initial stock load (system go-live),2024-01-01 07:00:00
2611,434,4,SALE,-1,9,,Ref: sales_id=527,2024-11-04 11:42:08
2612,434,4,SALE,-1,8,,Ref: sales_id=1124,2025-05-15 14:54:52
2613,435,1,MANUAL_ADJUSTMENT,10,10,,Initial stock load (system go-live),2024-01-01 07:00:00
2614,435,1,RESTOCK,12,22,1063.0,Stock received from supplier,2024-01-14 09:00:00
2615,435,3,SALE,-1,21,,Ref: sales_id=638,2024-11-29 15:09:59
2616,435,1,RESTOCK,14,35,1064.0,Stock received from supplier,2025-06-01 09:00:00
2617,436,1,MANUAL_ADJUSTMENT,10,10,,Initial stock load (system go-live),2024-01-01 07:00:00
2618,436,1,RESTOCK,12,22,1065.0,Stock received from supplier,2024-01-22 09:00:00
2619,436,2,SALE,-4,18,,Ref: sales_id=634,2024-11-29 16:10:29
2620,436,1,RESTOCK,8,26,1066.0,Stock received from supplier,2025-06-07 09:00:00
2621,437,1,MANUAL_ADJUSTMENT,10,10,,Initial stock load (system go-live),2024-01-01 07:00:00
2622,437,4,SALE,-1,9,,Ref: sales_id=852,2025-01-15 17:40:24
2623,437,1,RESTOCK,11,20,1068.0,Stock received from supplier,2025-06-08 09:00:00
2624,438,1,MANUAL_ADJUSTMENT,10,10,,Initial stock load (system go-live),2024-01-01 07:00:00
2625,438,2,SALE,-1,9,,Ref: sales_id=367,2024-08-08 13:01:18
2626,438,2,SALE,-1,8,,Ref: sales_id=1159,2025-05-28 12:21:40
2627,438,1,RESTOCK,14,22,1070.0,Stock received from supplier,2025-06-04 09:00:00
2628,439,1,MANUAL_ADJUSTMENT,10,10,,Initial stock load (system go-live),2024-01-01 07:00:00
2629,439,1,RESTOCK,13,23,1071.0,Stock received from supplier,2024-01-18 09:00:00
2630,439,1,RESTOCK,9,32,1072.0,Stock received from supplier,2024-08-08 09:00:00
2631,439,1,RESTOCK,12,44,1073.0,Stock received from supplier,2025-02-26 09:00:00
2632,439,1,RESTOCK,11,55,1074.0,Stock received from supplier,2025-09-11 09:00:00
2633,440,1,MANUAL_ADJUSTMENT,10,10,,Initial stock load (system go-live),2024-01-01 07:00:00
2634,440,1,RESTOCK,13,23,1075.0,Stock received from supplier,2024-01-25 09:00:00
2635,440,4,SALE,-1,22,,Ref: sales_id=142,2024-03-05 11:22:46
2636,440,1,RESTOCK,14,36,1076.0,Stock received from supplier,2025-06-04 09:00:00
2637,440,2,SALE,-1,35,,Ref: sales_id=1254,2025-07-24 09:32:41
2638,441,1,MANUAL_ADJUSTMENT,10,10,,Initial stock load (system go-live),2024-01-01 07:00:00
2639,441,2,SALE,-1,9,,Ref: sales_id=432,2024-09-21 10:01:07
2640,441,1,RESTOCK,9,18,1078.0,Stock received from supplier,2025-06-03 09:00:00
2641,442,1,MANUAL_ADJUSTMENT,10,10,,Initial stock load (system go-live),2024-01-01 07:00:00
2642,442,1,RESTOCK,10,20,1079.0,Stock received from supplier,2024-01-10 09:00:00
2643,442,4,SALE,-1,19,,Ref: sales_id=991,2025-02-17 08:03:02
2644,443,1,MANUAL_ADJUSTMENT,10,10,,Initial stock load (system go-live),2024-01-01 07:00:00
2645,443,1,RESTOCK,8,18,1081.0,Stock received from supplier,2024-01-14 09:00:00
2646,443,4,SALE,-1,17,,Ref: sales_id=1022,2025-03-06 11:38:33
2647,443,2,SALE,-1,16,,Ref: sales_id=1101,2025-05-04 09:58:22
2648,444,1,MANUAL_ADJUSTMENT,10,10,,Initial stock load (system go-live),2024-01-01 07:00:00
2649,444,1,RESTOCK,14,24,1083.0,Stock received from supplier,2024-01-19 09:00:00
2650,444,3,SALE,-1,23,,Ref: sales_id=420,2024-09-20 14:41:28
2651,444,1,RESTOCK,9,32,1084.0,Stock received from supplier,2025-06-02 09:00:00
2652,445,1,MANUAL_ADJUSTMENT,10,10,,Initial stock load (system go-live),2024-01-01 07:00:00
2653,445,1,RESTOCK,10,20,1085.0,Stock received from supplier,2024-01-09 09:00:00
2654,445,3,DAMAGED_LOST,-3,17,,Damaged/lost during handling (periodic check),2024-11-08 00:00:00
2655,445,1,RESTOCK,8,25,1086.0,Stock received from supplier,2025-05-26 09:00:00
2656,445,2,SALE,-1,24,,Ref: sales_id=1301,2025-08-13 17:50:52
2657,445,2,SALE,-1,23,,Ref: sales_id=1372,2025-10-29 13:09:36
2658,446,1,MANUAL_ADJUSTMENT,10,10,,Initial stock load (system go-live),2024-01-01 07:00:00
2659,446,1,RESTOCK,13,23,1087.0,Stock received from supplier,2024-01-08 09:00:00
2660,446,3,SALE,-1,22,,Ref: sales_id=180,2024-04-13 13:01:58
2661,446,1,RESTOCK,8,30,1088.0,Stock received from supplier,2025-05-20 09:00:00
2662,446,4,DAMAGED_LOST,-2,28,,Damaged/lost during handling (periodic check),2025-10-18 00:00:00
2663,447,1,MANUAL_ADJUSTMENT,10,10,,Initial stock load (system go-live),2024-01-01 07:00:00
2664,447,1,RESTOCK,10,20,1089.0,Stock received from supplier,2024-01-19 09:00:00
2665,447,3,SALE,-1,19,,Ref: sales_id=289,2024-06-19 17:42:46
2666,447,1,RESTOCK,13,32,1090.0,Stock received from supplier,2025-06-09 09:00:00
2667,448,1,MANUAL_ADJUSTMENT,10,10,,Initial stock load (system go-live),2024-01-01 07:00:00
2668,448,1,RESTOCK,14,24,1091.0,Stock received from supplier,2024-01-08 09:00:00
2669,448,2,SALE,-1,23,,Ref: sales_id=296,2024-06-26 08:13:00
2670,448,1,RESTOCK,14,37,1092.0,Stock received from supplier,2025-05-18 09:00:00
2671,449,1,MANUAL_ADJUSTMENT,10,10,,Initial stock load (system go-live),2024-01-01 07:00:00
2672,449,1,RESTOCK,10,20,1093.0,Stock received from supplier,2024-01-21 09:00:00
2673,449,3,SALE,-1,19,,Ref: sales_id=944,2025-02-08 12:02:10
2674,449,1,RESTOCK,13,32,1094.0,Stock received from supplier,2025-06-04 09:00:00
2675,450,1,MANUAL_ADJUSTMENT,10,10,,Initial stock load (system go-live),2024-01-01 07:00:00
2676,450,1,RESTOCK,10,20,1096.0,Stock received from supplier,2024-08-01 09:00:00
2677,450,1,RESTOCK,12,32,1098.0,Stock received from supplier,2025-09-02 09:00:00
2678,451,1,MANUAL_ADJUSTMENT,10,10,,Initial stock load (system go-live),2024-01-01 07:00:00
2679,451,1,RESTOCK,12,22,1099.0,Stock received from supplier,2024-01-11 09:00:00
2680,451,3,SALE,-1,21,,Ref: sales_id=951,2025-02-08 10:04:42
2681,451,1,RESTOCK,10,31,1100.0,Stock received from supplier,2025-05-27 09:00:00
2682,452,1,MANUAL_ADJUSTMENT,10,10,,Initial stock load (system go-live),2024-01-01 07:00:00
2683,452,1,RESTOCK,14,24,1101.0,Stock received from supplier,2024-01-07 09:00:00
2684,452,3,SALE,-1,23,,Ref: sales_id=834,2025-01-14 11:15:44
2685,452,1,RESTOCK,9,32,1102.0,Stock received from supplier,2025-05-21 09:00:00
2686,453,1,MANUAL_ADJUSTMENT,10,10,,Initial stock load (system go-live),2024-01-01 07:00:00
2687,453,1,RESTOCK,8,18,1103.0,Stock received from supplier,2024-01-13 09:00:00
2688,453,4,SALE,-1,17,,Ref: sales_id=775,2024-12-18 16:04:05
2689,453,2,SALE,-1,16,,Ref: sales_id=1197,2025-06-24 12:39:55
2690,453,4,SALE,-1,15,,Ref: sales_id=1277,2025-08-03 17:26:13
2691,454,1,MANUAL_ADJUSTMENT,10,10,,Initial stock load (system go-live),2024-01-01 07:00:00
2692,454,4,SALE,-1,9,,Ref: sales_id=902,2025-01-28 12:36:57
2693,454,2,RETURN,1,10,,Customer return of sales_id=902,2025-02-03 12:36:57
2694,454,1,RESTOCK,12,22,1106.0,Stock received from supplier,2025-05-29 09:00:00
2695,455,1,MANUAL_ADJUSTMENT,10,10,,Initial stock load (system go-live),2024-01-01 07:00:00
2696,455,1,RESTOCK,13,23,1107.0,Stock received from supplier,2024-01-16 09:00:00
2697,455,3,SALE,-1,22,,Ref: sales_id=808,2024-12-27 16:45:04
2698,455,1,RESTOCK,12,34,1108.0,Stock received from supplier,2025-06-03 09:00:00
2699,456,1,MANUAL_ADJUSTMENT,10,10,,Initial stock load (system go-live),2024-01-01 07:00:00
2700,456,1,RESTOCK,10,20,1109.0,Stock received from supplier,2024-01-08 09:00:00
2701,456,2,SALE,-1,19,,Ref: sales_id=189,2024-04-19 13:57:59
2702,456,1,RESTOCK,13,32,1110.0,Stock received from supplier,2025-05-25 09:00:00
2703,457,1,MANUAL_ADJUSTMENT,10,10,,Initial stock load (system go-live),2024-01-01 07:00:00
2704,457,1,RESTOCK,8,18,1111.0,Stock received from supplier,2024-01-19 09:00:00
2705,457,2,SALE,-1,17,,Ref: sales_id=531,2024-11-14 15:36:43
2706,457,1,RESTOCK,13,30,1112.0,Stock received from supplier,2025-05-29 09:00:00
2707,458,1,MANUAL_ADJUSTMENT,10,10,,Initial stock load (system go-live),2024-01-01 07:00:00
2708,458,4,SALE,-3,7,,Ref: sales_id=952,2025-02-08 13:39:22
2709,458,1,RESTOCK,11,18,1114.0,Stock received from supplier,2025-05-30 09:00:00
2710,459,1,MANUAL_ADJUSTMENT,10,10,,Initial stock load (system go-live),2024-01-01 07:00:00
2711,459,1,RESTOCK,13,23,1115.0,Stock received from supplier,2024-01-14 09:00:00
2712,459,4,SALE,-1,22,,Ref: sales_id=34,2024-01-18 10:27:50
2713,459,1,RESTOCK,8,30,1116.0,Stock received from supplier,2025-05-26 09:00:00
2714,460,1,MANUAL_ADJUSTMENT,10,10,,Initial stock load (system go-live),2024-01-01 07:00:00
2715,460,1,RESTOCK,12,22,1117.0,Stock received from supplier,2024-01-08 09:00:00
2716,460,2,SALE,-1,21,,Ref: sales_id=365,2024-08-08 09:17:12
2717,460,1,RESTOCK,13,34,1118.0,Stock received from supplier,2025-05-17 09:00:00
2718,461,1,MANUAL_ADJUSTMENT,10,10,,Initial stock load (system go-live),2024-01-01 07:00:00
2719,461,1,RESTOCK,10,20,1119.0,Stock received from supplier,2024-01-15 09:00:00
2720,461,4,SALE,-1,19,,Ref: sales_id=532,2024-11-14 17:27:49
2721,461,4,DAMAGED_LOST,-3,16,,Damaged/lost during handling (periodic check),2025-04-04 00:00:00
2722,462,1,MANUAL_ADJUSTMENT,10,10,,Initial stock load (system go-live),2024-01-01 07:00:00
2723,462,1,RESTOCK,14,24,1121.0,Stock received from supplier,2024-01-11 09:00:00
2724,462,4,SALE,-1,23,,Ref: sales_id=942,2025-02-08 10:12:36
2725,462,1,RESTOCK,14,37,1122.0,Stock received from supplier,2025-05-25 09:00:00
2726,463,1,MANUAL_ADJUSTMENT,10,10,,Initial stock load (system go-live),2024-01-01 07:00:00
2727,463,1,RESTOCK,8,18,1123.0,Stock received from supplier,2024-01-21 09:00:00
2728,463,4,SALE,-1,17,,Ref: sales_id=1366,2025-10-27 12:43:45
2729,464,1,MANUAL_ADJUSTMENT,10,10,,Initial stock load (system go-live),2024-01-01 07:00:00
2730,464,1,RESTOCK,13,23,1125.0,Stock received from supplier,2024-01-17 09:00:00
2731,464,2,SALE,-2,21,,Ref: sales_id=846,2025-01-15 14:25:03
2732,464,2,SALE,-2,19,,Ref: sales_id=1167,2025-05-31 16:30:49
2733,465,1,MANUAL_ADJUSTMENT,10,10,,Initial stock load (system go-live),2024-01-01 07:00:00
2734,465,1,RESTOCK,8,18,1127.0,Stock received from supplier,2024-01-06 09:00:00
2735,465,2,SALE,-2,16,,Ref: sales_id=978,2025-02-15 16:40:57
2736,465,1,RESTOCK,12,28,1128.0,Stock received from supplier,2025-05-24 09:00:00
2737,466,1,MANUAL_ADJUSTMENT,10,10,,Initial stock load (system go-live),2024-01-01 07:00:00
2738,466,1,RESTOCK,8,18,1129.0,Stock received from supplier,2024-01-19 09:00:00
2739,466,4,SALE,-1,17,,Ref: sales_id=524,2024-11-04 16:30:48
2740,466,2,SALE,-1,16,,Ref: sales_id=1170,2025-06-03 16:20:07
2741,466,1,RESTOCK,14,30,1130.0,Stock received from supplier,2025-06-04 09:00:00
2742,467,1,MANUAL_ADJUSTMENT,10,10,,Initial stock load (system go-live),2024-01-01 07:00:00
2743,467,3,SALE,-1,9,,Ref: sales_id=408,2024-09-14 12:25:55
2744,467,1,RESTOCK,12,21,1132.0,Stock received from supplier,2025-06-03 09:00:00
2745,468,1,MANUAL_ADJUSTMENT,10,10,,Initial stock load (system go-live),2024-01-01 07:00:00
2746,468,4,SALE,-1,9,,Ref: sales_id=293,2024-06-24 10:31:07
2747,469,1,MANUAL_ADJUSTMENT,10,10,,Initial stock load (system go-live),2024-01-01 07:00:00
2748,469,1,RESTOCK,10,20,1135.0,Stock received from supplier,2024-01-10 09:00:00
2749,469,3,SALE,-3,17,,Ref: sales_id=1075,2025-03-27 15:43:15
2750,469,4,SALE,-3,14,,Ref: sales_id=1119,2025-05-12 10:21:45
2751,469,1,RESTOCK,9,23,1136.0,Stock received from supplier,2025-05-29 09:00:00
2752,470,1,MANUAL_ADJUSTMENT,10,10,,Initial stock load (system go-live),2024-01-01 07:00:00
2753,470,1,RESTOCK,13,23,1137.0,Stock received from supplier,2024-01-13 09:00:00
2754,470,4,SALE,-3,20,,Ref: sales_id=838,2025-01-14 10:06:56
2755,470,1,RESTOCK,9,29,1138.0,Stock received from supplier,2025-05-26 09:00:00
2756,471,1,MANUAL_ADJUSTMENT,10,10,,Initial stock load (system go-live),2024-01-01 07:00:00
2757,471,1,RESTOCK,10,20,1139.0,Stock received from supplier,2024-01-10 09:00:00
2758,471,4,SALE,-1,19,,Ref: sales_id=530,2024-11-14 14:19:43
2759,471,1,RESTOCK,10,29,1140.0,Stock received from supplier,2025-05-27 09:00:00
2760,472,1,MANUAL_ADJUSTMENT,10,10,,Initial stock load (system go-live),2024-01-01 07:00:00
2761,472,1,RESTOCK,9,19,1141.0,Stock received from supplier,2024-01-13 09:00:00
2762,472,4,SALE,-3,16,,Ref: sales_id=836,2025-01-14 10:42:08
2763,473,1,MANUAL_ADJUSTMENT,10,10,,Initial stock load (system go-live),2024-01-01 07:00:00
2764,473,1,RESTOCK,10,20,1143.0,Stock received from supplier,2024-01-11 09:00:00
2765,473,4,SALE,-3,17,,Ref: sales_id=912,2025-01-30 10:07:16
2766,473,1,RESTOCK,10,27,1144.0,Stock received from supplier,2025-05-27 09:00:00
2767,474,1,MANUAL_ADJUSTMENT,10,10,,Initial stock load (system go-live),2024-01-01 07:00:00
2768,474,1,RESTOCK,9,19,1145.0,Stock received from supplier,2024-01-07 09:00:00
2769,474,3,SALE,-1,18,,Ref: sales_id=526,2024-11-04 17:19:35
2770,474,1,RESTOCK,11,29,1146.0,Stock received from supplier,2025-05-18 09:00:00
2771,475,1,MANUAL_ADJUSTMENT,10,10,,Initial stock load (system go-live),2024-01-01 07:00:00
2772,475,1,RESTOCK,10,20,1147.0,Stock received from supplier,2024-01-15 09:00:00
2773,475,2,SALE,-1,19,,Ref: sales_id=987,2025-02-15 13:19:49
2774,475,1,RESTOCK,12,31,1148.0,Stock received from supplier,2025-06-01 09:00:00
2775,475,3,SALE,-1,30,,Ref: sales_id=1241,2025-07-14 14:18:00
2776,475,4,SALE,-1,29,,Ref: sales_id=1319,2025-08-24 12:56:15
2777,476,1,MANUAL_ADJUSTMENT,10,10,,Initial stock load (system go-live),2024-01-01 07:00:00
2778,476,3,SALE,-1,9,,Ref: sales_id=260,2024-06-04 12:49:21
2779,476,1,RESTOCK,14,23,1150.0,Stock received from supplier,2025-06-08 09:00:00
2780,477,1,MANUAL_ADJUSTMENT,10,10,,Initial stock load (system go-live),2024-01-01 07:00:00
2781,477,1,RESTOCK,9,19,1151.0,Stock received from supplier,2024-01-20 09:00:00
2782,477,2,SALE,-1,18,,Ref: sales_id=1368,2025-10-27 16:28:46
2783,478,1,MANUAL_ADJUSTMENT,10,10,,Initial stock load (system go-live),2024-01-01 07:00:00
2784,478,2,SALE,-1,9,,Ref: sales_id=529,2024-11-14 10:21:50
2785,478,1,RESTOCK,8,17,1154.0,Stock received from supplier,2025-05-22 09:00:00
2786,479,1,MANUAL_ADJUSTMENT,10,10,,Initial stock load (system go-live),2024-01-01 07:00:00
2787,479,1,RESTOCK,8,18,1155.0,Stock received from supplier,2024-01-11 09:00:00
2788,479,4,SALE,-1,17,,Ref: sales_id=786,2024-12-21 17:08:43
2789,479,1,RESTOCK,12,29,1156.0,Stock received from supplier,2025-05-22 09:00:00
2790,480,1,MANUAL_ADJUSTMENT,10,10,,Initial stock load (system go-live),2024-01-01 07:00:00
2791,480,1,RESTOCK,14,24,1157.0,Stock received from supplier,2024-01-20 09:00:00
2792,480,1,RESTOCK,12,36,1158.0,Stock received from supplier,2025-06-05 09:00:00
2793,480,4,SALE,-2,34,,Ref: sales_id=1236,2025-07-13 09:27:32
2794,480,4,SALE,-2,32,,Ref: sales_id=1360,2025-10-20 10:37:23
2795,481,1,MANUAL_ADJUSTMENT,10,10,,Initial stock load (system go-live),2024-01-01 07:00:00
2796,481,1,RESTOCK,12,22,1159.0,Stock received from supplier,2024-01-10 09:00:00
2797,481,2,SALE,-1,21,,Ref: sales_id=689,2024-12-04 13:44:02
2798,481,1,RESTOCK,12,33,1160.0,Stock received from supplier,2025-05-29 09:00:00
2799,482,1,MANUAL_ADJUSTMENT,10,10,,Initial stock load (system go-live),2024-01-01 07:00:00
2800,482,1,RESTOCK,14,24,1161.0,Stock received from supplier,2024-01-14 09:00:00
2801,482,2,SALE,-1,23,,Ref: sales_id=109,2024-02-15 13:32:22
2802,482,2,DAMAGED_LOST,-2,21,,Damaged/lost during handling (periodic check),2024-09-22 00:00:00
2803,482,1,RESTOCK,11,32,1162.0,Stock received from supplier,2025-05-26 09:00:00
2804,483,1,MANUAL_ADJUSTMENT,10,10,,Initial stock load (system go-live),2024-01-01 07:00:00
2805,483,3,SALE,-1,9,,Ref: sales_id=329,2024-07-13 08:32:27
2806,483,1,RESTOCK,8,17,1164.0,Stock received from supplier,2025-05-25 09:00:00
2807,484,1,MANUAL_ADJUSTMENT,10,10,,Initial stock load (system go-live),2024-01-01 07:00:00
2808,484,1,RESTOCK,9,19,1165.0,Stock received from supplier,2024-01-10 09:00:00
2809,484,4,SALE,-2,17,,Ref: sales_id=877,2025-01-23 16:55:47
2810,484,1,RESTOCK,9,26,1166.0,Stock received from supplier,2025-05-21 09:00:00
2811,484,3,SALE,-2,24,,Ref: sales_id=1284,2025-08-07 14:23:38
2812,484,4,SALE,-2,22,,Ref: sales_id=1316,2025-08-22 09:13:42
2813,484,2,SALE,-2,20,,Ref: sales_id=1394,2025-12-03 10:58:40
2814,485,1,MANUAL_ADJUSTMENT,10,10,,Initial stock load (system go-live),2024-01-01 07:00:00
2815,485,1,RESTOCK,8,18,1167.0,Stock received from supplier,2024-01-19 09:00:00
2816,485,3,SALE,-1,17,,Ref: sales_id=706,2024-12-09 13:49:45
2817,485,3,SALE,-1,16,,Ref: sales_id=702,2024-12-09 15:27:29
2818,486,1,MANUAL_ADJUSTMENT,10,10,,Initial stock load (system go-live),2024-01-01 07:00:00
2819,486,1,RESTOCK,12,22,1169.0,Stock received from supplier,2024-01-25 09:00:00
2820,486,2,SALE,-1,21,,Ref: sales_id=873,2025-01-22 08:44:50
2821,486,1,RESTOCK,11,32,1170.0,Stock received from supplier,2025-06-09 09:00:00
2822,487,1,MANUAL_ADJUSTMENT,10,10,,Initial stock load (system go-live),2024-01-01 07:00:00
2823,487,1,RESTOCK,13,23,1171.0,Stock received from supplier,2024-01-15 09:00:00
2824,487,3,SALE,-2,21,,Ref: sales_id=36,2024-01-19 17:49:48
2825,487,1,RESTOCK,12,33,1172.0,Stock received from supplier,2025-05-28 09:00:00
2826,488,1,MANUAL_ADJUSTMENT,10,10,,Initial stock load (system go-live),2024-01-01 07:00:00
2827,488,3,SALE,-2,8,,Ref: sales_id=35,2024-01-19 09:13:26
2828,488,1,RESTOCK,14,22,1173.0,Stock received from supplier,2024-01-21 09:00:00
2829,488,4,SALE,-2,20,,Ref: sales_id=1102,2025-05-05 17:44:55
2830,488,1,RESTOCK,13,33,1174.0,Stock received from supplier,2025-06-08 09:00:00
2831,489,1,MANUAL_ADJUSTMENT,10,10,,Initial stock load (system go-live),2024-01-01 07:00:00
2832,489,1,RESTOCK,11,21,1175.0,Stock received from supplier,2024-01-12 09:00:00
2833,489,1,RESTOCK,8,29,1176.0,Stock received from supplier,2025-05-27 09:00:00
2834,489,2,SALE,-1,28,,Ref: sales_id=1361,2025-10-20 12:27:38
2835,490,1,MANUAL_ADJUSTMENT,10,10,,Initial stock load (system go-live),2024-01-01 07:00:00
2836,490,1,RESTOCK,8,18,1177.0,Stock received from supplier,2024-01-25 09:00:00
2837,490,3,SALE,-1,17,,Ref: sales_id=1385,2025-11-05 10:06:00
2838,491,1,MANUAL_ADJUSTMENT,10,10,,Initial stock load (system go-live),2024-01-01 07:00:00
2839,491,1,RESTOCK,10,20,1179.0,Stock received from supplier,2024-01-14 09:00:00
2840,491,3,SALE,-2,18,,Ref: sales_id=141,2024-03-05 14:39:08
2841,492,1,MANUAL_ADJUSTMENT,10,10,,Initial stock load (system go-live),2024-01-01 07:00:00
2842,492,1,RESTOCK,14,24,1181.0,Stock received from supplier,2024-01-14 09:00:00
2843,492,4,SALE,-1,23,,Ref: sales_id=1067,2025-03-25 17:06:32
2844,492,1,RESTOCK,14,37,1182.0,Stock received from supplier,2025-05-24 09:00:00
2845,493,1,MANUAL_ADJUSTMENT,10,10,,Initial stock load (system go-live),2024-01-01 07:00:00
2846,493,3,SALE,-1,9,,Ref: sales_id=129,2024-02-26 14:53:46
2847,493,4,SALE,-1,8,,Ref: sales_id=1093,2025-05-01 14:57:01
2848,494,1,MANUAL_ADJUSTMENT,10,10,,Initial stock load (system go-live),2024-01-01 07:00:00
2849,494,1,RESTOCK,12,22,1185.0,Stock received from supplier,2024-01-18 09:00:00
2850,494,1,RESTOCK,11,33,1186.0,Stock received from supplier,2025-05-29 09:00:00
2851,494,3,SALE,-1,32,,Ref: sales_id=1367,2025-10-27 09:03:18
2852,495,1,MANUAL_ADJUSTMENT,10,10,,Initial stock load (system go-live),2024-01-01 07:00:00
2853,495,1,RESTOCK,14,24,1187.0,Stock received from supplier,2024-01-08 09:00:00
2854,495,3,SALE,-3,21,,Ref: sales_id=1379,2025-10-30 08:24:39
2855,496,1,MANUAL_ADJUSTMENT,10,10,,Initial stock load (system go-live),2024-01-01 07:00:00
2856,496,1,RESTOCK,11,21,1189.0,Stock received from supplier,2024-01-16 09:00:00
2857,496,1,RESTOCK,10,31,1190.0,Stock received from supplier,2024-08-02 09:00:00
2858,496,1,RESTOCK,8,39,1191.0,Stock received from supplier,2025-02-13 09:00:00
2859,496,1,RESTOCK,9,48,1192.0,Stock received from supplier,2025-09-06 09:00:00
2860,497,1,MANUAL_ADJUSTMENT,10,10,,Initial stock load (system go-live),2024-01-01 07:00:00
2861,497,1,RESTOCK,12,22,1193.0,Stock received from supplier,2024-01-12 09:00:00
2862,497,3,SALE,-1,21,,Ref: sales_id=252,2024-06-03 15:27:02
2863,497,1,RESTOCK,8,29,1194.0,Stock received from supplier,2025-05-21 09:00:00
2864,497,2,SALE,-1,28,,Ref: sales_id=1252,2025-07-23 11:27:55
2865,498,1,MANUAL_ADJUSTMENT,10,10,,Initial stock load (system go-live),2024-01-01 07:00:00
2866,498,1,RESTOCK,12,22,1195.0,Stock received from supplier,2024-01-05 09:00:00
2867,498,2,SALE,-2,20,,Ref: sales_id=908,2025-01-30 09:06:40
2868,498,1,RESTOCK,8,28,1196.0,Stock received from supplier,2025-05-27 09:00:00
2869,499,1,MANUAL_ADJUSTMENT,10,10,,Initial stock load (system go-live),2024-01-01 07:00:00
2870,499,1,RESTOCK,13,23,1197.0,Stock received from supplier,2024-01-25 09:00:00
2871,499,2,SALE,-1,22,,Ref: sales_id=340,2024-07-23 09:00:09
2872,499,2,SALE,-1,21,,Ref: sales_id=1065,2025-03-25 16:10:18
2873,499,1,RESTOCK,9,30,1198.0,Stock received from supplier,2025-06-12 09:00:00
2874,500,1,MANUAL_ADJUSTMENT,10,10,,Initial stock load (system go-live),2024-01-01 07:00:00
2875,500,1,RESTOCK,12,22,1199.0,Stock received from supplier,2024-01-05 09:00:00
2876,500,4,SALE,-1,21,,Ref: sales_id=356,2024-08-03 08:49:02
2877,500,1,RESTOCK,9,30,1200.0,Stock received from supplier,2025-05-18 09:00:00
2878,501,1,MANUAL_ADJUSTMENT,10,10,,Initial stock load (system go-live),2024-01-01 07:00:00
2879,501,1,RESTOCK,10,20,1201.0,Stock received from supplier,2024-01-09 09:00:00
2880,501,2,SALE,-1,19,,Ref: sales_id=44,2024-01-22 12:27:09
2881,501,1,RESTOCK,12,31,1202.0,Stock received from supplier,2025-05-22 09:00:00
2882,501,4,SALE,-1,30,,Ref: sales_id=1213,2025-07-04 11:32:27
2883,502,1,MANUAL_ADJUSTMENT,10,10,,Initial stock load (system go-live),2024-01-01 07:00:00
2884,502,1,RESTOCK,11,21,1203.0,Stock received from supplier,2024-01-10 09:00:00
2885,502,2,SALE,-2,19,,Ref: sales_id=446,2024-09-26 16:39:51
2886,503,1,MANUAL_ADJUSTMENT,10,10,,Initial stock load (system go-live),2024-01-01 07:00:00
2887,503,2,SALE,-2,8,,Ref: sales_id=833,2025-01-14 14:26:30
2888,503,1,RESTOCK,10,18,1206.0,Stock received from supplier,2025-05-21 09:00:00
2889,504,1,MANUAL_ADJUSTMENT,10,10,,Initial stock load (system go-live),2024-01-01 07:00:00
2890,504,1,RESTOCK,13,23,1207.0,Stock received from supplier,2024-01-12 09:00:00
2891,504,2,SALE,-1,22,,Ref: sales_id=335,2024-07-16 17:15:56
2892,504,1,RESTOCK,12,34,1208.0,Stock received from supplier,2025-05-21 09:00:00
2893,505,1,MANUAL_ADJUSTMENT,10,10,,Initial stock load (system go-live),2024-01-01 07:00:00
2894,505,1,RESTOCK,13,23,1209.0,Stock received from supplier,2024-01-09 09:00:00
2895,505,3,SALE,-1,22,,Ref: sales_id=933,2025-02-03 10:04:07
2896,505,4,SALE,-1,21,,Ref: sales_id=1116,2025-05-11 17:30:51
2897,505,1,RESTOCK,14,35,1210.0,Stock received from supplier,2025-05-30 09:00:00
2898,505,3,SALE,-1,34,,Ref: sales_id=1198,2025-06-24 08:46:15
2899,506,1,MANUAL_ADJUSTMENT,10,10,,Initial stock load (system go-live),2024-01-01 07:00:00
2900,506,1,RESTOCK,11,21,1211.0,Stock received from supplier,2024-01-19 09:00:00
2901,506,3,SALE,-1,20,,Ref: sales_id=934,2025-02-03 17:35:43
2902,506,1,RESTOCK,14,34,1212.0,Stock received from supplier,2025-06-07 09:00:00
2903,507,1,MANUAL_ADJUSTMENT,10,10,,Initial stock load (system go-live),2024-01-01 07:00:00
2904,507,1,RESTOCK,12,22,1213.0,Stock received from supplier,2024-01-10 09:00:00
2905,507,3,SALE,-1,21,,Ref: sales_id=861,2025-01-17 11:39:28
2906,507,1,RESTOCK,10,31,1214.0,Stock received from supplier,2025-05-23 09:00:00
2907,508,1,MANUAL_ADJUSTMENT,10,10,,Initial stock load (system go-live),2024-01-01 07:00:00
2908,508,1,RESTOCK,13,23,1215.0,Stock received from supplier,2024-01-19 09:00:00
2909,508,3,SALE,-1,22,,Ref: sales_id=316,2024-07-04 16:49:15
2910,508,1,RESTOCK,9,31,1216.0,Stock received from supplier,2025-06-04 09:00:00
2911,509,1,MANUAL_ADJUSTMENT,10,10,,Initial stock load (system go-live),2024-01-01 07:00:00
2912,509,1,RESTOCK,11,21,1217.0,Stock received from supplier,2024-01-11 09:00:00
2913,509,3,SALE,-2,19,,Ref: sales_id=1073,2025-03-27 08:23:38
2914,509,1,RESTOCK,10,29,1218.0,Stock received from supplier,2025-05-25 09:00:00
2915,510,1,MANUAL_ADJUSTMENT,10,10,,Initial stock load (system go-live),2024-01-01 07:00:00
2916,510,2,SALE,-2,8,,Ref: sales_id=1071,2025-03-27 17:01:42
2917,510,2,RETURN,2,10,,Customer return of sales_id=1071,2025-04-01 17:01:42
2918,510,1,RESTOCK,10,20,1220.0,Stock received from supplier,2025-06-03 09:00:00
2919,511,1,MANUAL_ADJUSTMENT,10,10,,Initial stock load (system go-live),2024-01-01 07:00:00
2920,511,1,RESTOCK,9,19,1221.0,Stock received from supplier,2024-01-07 09:00:00
2921,511,4,SALE,-2,17,,Ref: sales_id=707,2024-12-09 14:16:28
2922,511,3,SALE,-2,15,,Ref: sales_id=1248,2025-07-21 10:18:14
2923,512,1,MANUAL_ADJUSTMENT,10,10,,Initial stock load (system go-live),2024-01-01 07:00:00
2924,512,1,RESTOCK,14,24,1223.0,Stock received from supplier,2024-01-07 09:00:00
2925,512,2,SALE,-1,23,,Ref: sales_id=840,2025-01-14 16:22:51
2926,512,3,SALE,-1,22,,Ref: sales_id=954,2025-02-08 15:42:08
2927,512,1,RESTOCK,13,35,1224.0,Stock received from supplier,2025-05-23 09:00:00
2928,512,4,SALE,-1,34,,Ref: sales_id=1280,2025-08-05 16:21:57
2929,513,1,MANUAL_ADJUSTMENT,10,10,,Initial stock load (system go-live),2024-01-01 07:00:00
2930,513,1,RESTOCK,9,19,1225.0,Stock received from supplier,2024-01-07 09:00:00
2931,513,3,SALE,-1,18,,Ref: sales_id=46,2024-01-22 16:10:50
2932,513,2,SALE,-1,17,,Ref: sales_id=1287,2025-08-08 10:27:20
2933,513,3,SALE,-1,16,,Ref: sales_id=1397,2025-12-03 12:41:50
2934,514,1,MANUAL_ADJUSTMENT,10,10,,Initial stock load (system go-live),2024-01-01 07:00:00
2935,514,1,RESTOCK,13,23,1227.0,Stock received from supplier,2024-01-14 09:00:00
2936,514,4,SALE,-2,21,,Ref: sales_id=881,2025-01-23 15:19:26
2937,514,1,RESTOCK,11,32,1228.0,Stock received from supplier,2025-06-01 09:00:00
2938,515,1,MANUAL_ADJUSTMENT,10,10,,Initial stock load (system go-live),2024-01-01 07:00:00
2939,515,1,RESTOCK,9,19,1229.0,Stock received from supplier,2024-01-08 09:00:00
2940,515,3,SALE,-1,18,,Ref: sales_id=996,2025-02-17 09:14:22
2941,515,1,RESTOCK,11,29,1230.0,Stock received from supplier,2025-05-26 09:00:00
2942,516,1,MANUAL_ADJUSTMENT,10,10,,Initial stock load (system go-live),2024-01-01 07:00:00
2943,516,1,RESTOCK,14,24,1231.0,Stock received from supplier,2024-01-10 09:00:00
2944,516,4,SALE,-1,23,,Ref: sales_id=921,2025-01-31 17:35:36
2945,516,1,RESTOCK,14,37,1232.0,Stock received from supplier,2025-05-27 09:00:00
2946,517,1,MANUAL_ADJUSTMENT,10,10,,Initial stock load (system go-live),2024-01-01 07:00:00
2947,517,1,RESTOCK,14,24,1233.0,Stock received from supplier,2024-01-18 09:00:00
2948,517,2,SALE,-2,22,,Ref: sales_id=907,2025-01-30 11:53:39
2949,517,1,RESTOCK,10,32,1234.0,Stock received from supplier,2025-05-29 09:00:00
2950,518,1,MANUAL_ADJUSTMENT,10,10,,Initial stock load (system go-live),2024-01-01 07:00:00
2951,518,1,RESTOCK,10,20,1235.0,Stock received from supplier,2024-01-08 09:00:00
2952,518,2,SALE,-2,18,,Ref: sales_id=885,2025-01-23 15:17:50
2953,519,1,MANUAL_ADJUSTMENT,10,10,,Initial stock load (system go-live),2024-01-01 07:00:00
2954,519,1,RESTOCK,9,19,1237.0,Stock received from supplier,2024-01-20 09:00:00
2955,519,4,SALE,-2,17,,Ref: sales_id=841,2025-01-14 17:00:40
2956,519,1,RESTOCK,8,25,1238.0,Stock received from supplier,2025-05-30 09:00:00
2957,520,1,MANUAL_ADJUSTMENT,10,10,,Initial stock load (system go-live),2024-01-01 07:00:00
2958,520,1,RESTOCK,8,18,1239.0,Stock received from supplier,2024-01-07 09:00:00
2959,520,2,SALE,-2,16,,Ref: sales_id=713,2024-12-09 17:44:23
2960,520,1,RESTOCK,12,28,1240.0,Stock received from supplier,2025-05-20 09:00:00
2961,521,1,MANUAL_ADJUSTMENT,10,10,,Initial stock load (system go-live),2024-01-01 07:00:00
2962,521,1,RESTOCK,9,19,1241.0,Stock received from supplier,2024-01-18 09:00:00
2963,521,2,SALE,-1,18,,Ref: sales_id=459,2024-10-03 15:49:40
2964,521,1,RESTOCK,13,31,1242.0,Stock received from supplier,2025-06-01 09:00:00
2965,521,2,SALE,-1,30,,Ref: sales_id=1286,2025-08-08 13:06:07
2966,522,1,MANUAL_ADJUSTMENT,10,10,,Initial stock load (system go-live),2024-01-01 07:00:00
2967,522,1,RESTOCK,8,18,1243.0,Stock received from supplier,2024-01-16 09:00:00
2968,522,4,SALE,-1,17,,Ref: sales_id=1087,2025-04-01 08:46:59
2969,522,1,RESTOCK,14,31,1244.0,Stock received from supplier,2025-05-25 09:00:00
2970,523,1,MANUAL_ADJUSTMENT,10,10,,Initial stock load (system go-live),2024-01-01 07:00:00
2971,523,1,RESTOCK,10,20,1245.0,Stock received from supplier,2024-01-13 09:00:00
2972,523,3,SALE,-1,19,,Ref: sales_id=217,2024-05-15 14:47:04
2973,523,1,RESTOCK,12,31,1246.0,Stock received from supplier,2025-05-26 09:00:00
2974,524,1,MANUAL_ADJUSTMENT,10,10,,Initial stock load (system go-live),2024-01-01 07:00:00
2975,524,1,RESTOCK,12,22,1247.0,Stock received from supplier,2024-01-06 09:00:00
2976,524,2,SALE,-1,21,,Ref: sales_id=1089,2025-04-01 17:21:44
2977,524,1,RESTOCK,9,30,1248.0,Stock received from supplier,2025-05-20 09:00:00
2978,525,1,MANUAL_ADJUSTMENT,10,10,,Initial stock load (system go-live),2024-01-01 07:00:00
2979,525,1,RESTOCK,8,18,1249.0,Stock received from supplier,2024-01-06 09:00:00
2980,525,2,SALE,-1,17,,Ref: sales_id=937,2025-02-06 16:38:20
2981,525,1,RESTOCK,11,28,1250.0,Stock received from supplier,2025-05-23 09:00:00
2982,525,2,SALE,-1,27,,Ref: sales_id=1208,2025-07-02 09:53:35
2983,526,1,MANUAL_ADJUSTMENT,10,10,,Initial stock load (system go-live),2024-01-01 07:00:00
2984,526,1,RESTOCK,14,24,1251.0,Stock received from supplier,2024-01-12 09:00:00
2985,526,3,SALE,-1,23,,Ref: sales_id=680,2024-12-03 17:51:06
2986,526,1,RESTOCK,14,37,1252.0,Stock received from supplier,2025-06-02 09:00:00
2987,527,1,MANUAL_ADJUSTMENT,10,10,,Initial stock load (system go-live),2024-01-01 07:00:00
2988,527,1,RESTOCK,10,20,1253.0,Stock received from supplier,2024-01-06 09:00:00
2989,527,3,SALE,-1,19,,Ref: sales_id=839,2025-01-14 14:41:03
2990,527,2,SALE,-1,18,,Ref: sales_id=1118,2025-05-12 08:34:57
2991,527,3,SALE,-1,17,,Ref: sales_id=1137,2025-05-19 09:54:22
2992,527,1,RESTOCK,10,27,1254.0,Stock received from supplier,2025-05-20 09:00:00
2993,528,1,MANUAL_ADJUSTMENT,10,10,,Initial stock load (system go-live),2024-01-01 07:00:00
2994,528,1,RESTOCK,11,21,1255.0,Stock received from supplier,2024-01-18 09:00:00
2995,528,2,SALE,-1,20,,Ref: sales_id=878,2025-01-23 13:14:04
2996,528,3,SALE,-1,19,,Ref: sales_id=1417,2025-12-20 10:41:17
2997,529,1,MANUAL_ADJUSTMENT,10,10,,Initial stock load (system go-live),2024-01-01 07:00:00
2998,529,1,RESTOCK,11,21,1257.0,Stock received from supplier,2024-01-08 09:00:00
2999,529,3,SALE,-1,20,,Ref: sales_id=876,2025-01-23 15:04:04
3000,529,1,RESTOCK,14,34,1258.0,Stock received from supplier,2025-05-22 09:00:00
3001,530,1,MANUAL_ADJUSTMENT,10,10,,Initial stock load (system go-live),2024-01-01 07:00:00
3002,530,1,RESTOCK,8,18,1259.0,Stock received from supplier,2024-01-16 09:00:00
3003,530,4,SALE,-2,16,,Ref: sales_id=714,2024-12-09 08:26:04
3004,530,1,RESTOCK,10,26,1260.0,Stock received from supplier,2025-05-28 09:00:00
3005,530,3,SALE,-2,24,,Ref: sales_id=1222,2025-07-06 11:13:57
3006,531,1,MANUAL_ADJUSTMENT,10,10,,Initial stock load (system go-live),2024-01-01 07:00:00
3007,531,1,RESTOCK,11,21,1261.0,Stock received from supplier,2024-01-21 09:00:00
3008,531,4,SALE,-1,20,,Ref: sales_id=59,2024-01-24 14:19:55
3009,531,1,RESTOCK,8,28,1262.0,Stock received from supplier,2025-06-08 09:00:00
3010,532,1,MANUAL_ADJUSTMENT,10,10,,Initial stock load (system go-live),2024-01-01 07:00:00
3011,532,2,SALE,-1,9,,Ref: sales_id=1072,2025-03-27 17:05:25
3012,532,1,RESTOCK,13,22,1264.0,Stock received from supplier,2025-05-29 09:00:00
3013,533,1,MANUAL_ADJUSTMENT,10,10,,Initial stock load (system go-live),2024-01-01 07:00:00
3014,533,1,RESTOCK,13,23,1265.0,Stock received from supplier,2024-01-21 09:00:00
3015,533,3,SALE,-1,22,,Ref: sales_id=905,2025-01-30 10:56:27
3016,534,1,MANUAL_ADJUSTMENT,10,10,,Initial stock load (system go-live),2024-01-01 07:00:00
3017,534,1,RESTOCK,10,20,1267.0,Stock received from supplier,2024-01-06 09:00:00
3018,534,4,SALE,-1,19,,Ref: sales_id=909,2025-01-30 09:38:25
3019,534,1,RESTOCK,11,30,1268.0,Stock received from supplier,2025-05-20 09:00:00
3020,535,1,MANUAL_ADJUSTMENT,10,10,,Initial stock load (system go-live),2024-01-01 07:00:00
3021,535,1,RESTOCK,14,24,1269.0,Stock received from supplier,2024-01-18 09:00:00
3022,535,2,SALE,-1,23,,Ref: sales_id=884,2025-01-23 09:08:28
3023,535,1,RESTOCK,12,35,1270.0,Stock received from supplier,2025-06-02 09:00:00
3024,536,1,MANUAL_ADJUSTMENT,10,10,,Initial stock load (system go-live),2024-01-01 07:00:00
3025,536,1,RESTOCK,9,19,1271.0,Stock received from supplier,2024-01-18 09:00:00
3026,536,4,SALE,-1,18,,Ref: sales_id=882,2025-01-23 12:02:45
3027,536,1,RESTOCK,8,26,1272.0,Stock received from supplier,2025-05-31 09:00:00
3028,537,1,MANUAL_ADJUSTMENT,10,10,,Initial stock load (system go-live),2024-01-01 07:00:00
3029,537,2,SALE,-1,9,,Ref: sales_id=880,2025-01-23 15:29:01
3030,537,1,RESTOCK,8,17,1274.0,Stock received from supplier,2025-05-24 09:00:00
3031,538,1,MANUAL_ADJUSTMENT,10,10,,Initial stock load (system go-live),2024-01-01 07:00:00
3032,538,1,RESTOCK,14,24,1275.0,Stock received from supplier,2024-01-20 09:00:00
3033,538,3,SALE,-1,23,,Ref: sales_id=946,2025-02-08 15:12:20
3034,538,1,RESTOCK,13,36,1276.0,Stock received from supplier,2025-06-07 09:00:00
3035,539,1,MANUAL_ADJUSTMENT,10,10,,Initial stock load (system go-live),2024-01-01 07:00:00
3036,539,1,RESTOCK,13,23,1277.0,Stock received from supplier,2024-01-11 09:00:00
3037,539,2,SALE,-1,22,,Ref: sales_id=910,2025-01-30 10:40:56
3038,539,4,SALE,-1,21,,Ref: sales_id=1153,2025-05-26 11:40:13
3039,539,1,RESTOCK,10,31,1278.0,Stock received from supplier,2025-05-30 09:00:00
3040,539,2,SALE,-1,30,,Ref: sales_id=1212,2025-07-04 14:24:01
3041,540,1,MANUAL_ADJUSTMENT,10,10,,Initial stock load (system go-live),2024-01-01 07:00:00
3042,540,1,RESTOCK,11,21,1279.0,Stock received from supplier,2024-01-15 09:00:00
3043,540,3,SALE,-1,20,,Ref: sales_id=837,2025-01-14 12:08:58
3044,540,1,RESTOCK,9,29,1280.0,Stock received from supplier,2025-05-29 09:00:00
3045,541,1,MANUAL_ADJUSTMENT,10,10,,Initial stock load (system go-live),2024-01-01 07:00:00
3046,541,1,RESTOCK,12,22,1281.0,Stock received from supplier,2024-01-13 09:00:00
3047,541,3,SALE,-1,21,,Ref: sales_id=94,2024-02-08 13:50:38
3048,541,1,RESTOCK,13,34,1282.0,Stock received from supplier,2025-05-26 09:00:00
3049,542,1,MANUAL_ADJUSTMENT,10,10,,Initial stock load (system go-live),2024-01-01 07:00:00
3050,542,1,RESTOCK,12,22,1283.0,Stock received from supplier,2024-01-16 09:00:00
3051,542,3,SALE,-1,21,,Ref: sales_id=906,2025-01-30 14:15:34
3052,543,1,MANUAL_ADJUSTMENT,10,10,,Initial stock load (system go-live),2024-01-01 07:00:00
3053,543,1,RESTOCK,8,18,1285.0,Stock received from supplier,2024-01-13 09:00:00
3054,543,3,SALE,-1,17,,Ref: sales_id=835,2025-01-14 15:47:58
3055,543,1,RESTOCK,9,26,1286.0,Stock received from supplier,2025-05-30 09:00:00
3056,544,1,MANUAL_ADJUSTMENT,10,10,,Initial stock load (system go-live),2024-01-01 07:00:00
3057,544,1,RESTOCK,10,20,1287.0,Stock received from supplier,2024-01-24 09:00:00
3058,544,4,SALE,-1,19,,Ref: sales_id=637,2024-11-29 11:55:12
3059,544,1,RESTOCK,13,32,1288.0,Stock received from supplier,2025-05-30 09:00:00
3060,545,1,MANUAL_ADJUSTMENT,10,10,,Initial stock load (system go-live),2024-01-01 07:00:00
3061,545,1,RESTOCK,13,23,1289.0,Stock received from supplier,2024-01-14 09:00:00
3062,545,2,SALE,-1,22,,Ref: sales_id=911,2025-01-30 14:52:03
3063,545,1,RESTOCK,8,30,1290.0,Stock received from supplier,2025-05-30 09:00:00
3064,546,1,MANUAL_ADJUSTMENT,10,10,,Initial stock load (system go-live),2024-01-01 07:00:00
3065,546,4,SALE,-1,9,,Ref: sales_id=557,2024-11-22 16:29:10
3066,546,1,RESTOCK,10,19,1292.0,Stock received from supplier,2025-05-27 09:00:00
3067,547,1,MANUAL_ADJUSTMENT,10,10,,Initial stock load (system go-live),2024-01-01 07:00:00
3068,547,1,RESTOCK,9,19,1293.0,Stock received from supplier,2024-01-07 09:00:00
3069,547,2,SALE,-1,18,,Ref: sales_id=883,2025-01-23 14:25:06
3070,547,1,RESTOCK,10,28,1294.0,Stock received from supplier,2025-05-18 09:00:00
3071,548,1,MANUAL_ADJUSTMENT,10,10,,Initial stock load (system go-live),2024-01-01 07:00:00
3072,548,1,RESTOCK,13,23,1295.0,Stock received from supplier,2024-01-16 09:00:00
3073,548,3,SALE,-2,21,,Ref: sales_id=1088,2025-04-01 08:01:22
3074,548,3,RETURN,2,23,,Customer return of sales_id=1088,2025-04-04 08:01:22
3075,548,1,RESTOCK,11,34,1296.0,Stock received from supplier,2025-05-31 09:00:00
3076,549,1,MANUAL_ADJUSTMENT,10,10,,Initial stock load (system go-live),2024-01-01 07:00:00
3077,549,3,SALE,-1,9,,Ref: sales_id=903,2025-01-30 17:20:15
3078,549,1,RESTOCK,13,22,1298.0,Stock received from supplier,2025-05-31 09:00:00
3079,550,1,MANUAL_ADJUSTMENT,10,10,,Initial stock load (system go-live),2024-01-01 07:00:00
3080,550,1,RESTOCK,11,21,1299.0,Stock received from supplier,2024-01-07 09:00:00
3081,550,2,SALE,-1,20,,Ref: sales_id=1069,2025-03-27 15:45:47
3082,550,1,RESTOCK,12,32,1300.0,Stock received from supplier,2025-05-27 09:00:00
3083,550,2,SALE,-1,31,,Ref: sales_id=1297,2025-08-12 12:31:38
3084,551,1,MANUAL_ADJUSTMENT,10,10,,Initial stock load (system go-live),2024-01-01 07:00:00
3085,551,1,MANUAL_ADJUSTMENT,-2,8,,Stocktake correction,2024-09-03 00:00:00
3086,551,3,SALE,-1,7,,Ref: sales_id=948,2025-02-08 10:19:56
3087,551,1,RESTOCK,10,17,1302.0,Stock received from supplier,2025-06-01 09:00:00
3088,552,1,MANUAL_ADJUSTMENT,10,10,,Initial stock load (system go-live),2024-01-01 07:00:00
3089,552,1,RESTOCK,13,23,1305.0,Stock received from supplier,2025-02-16 09:00:00
3090,553,1,MANUAL_ADJUSTMENT,10,10,,Initial stock load (system go-live),2024-01-01 07:00:00
3091,553,1,RESTOCK,8,18,1307.0,Stock received from supplier,2024-01-05 09:00:00
3092,553,4,SALE,-1,17,,Ref: sales_id=879,2025-01-23 14:35:04
3093,554,1,MANUAL_ADJUSTMENT,10,10,,Initial stock load (system go-live),2024-01-01 07:00:00
3094,554,1,RESTOCK,14,24,1309.0,Stock received from supplier,2024-01-18 09:00:00
3095,554,2,SALE,-1,23,,Ref: sales_id=636,2024-11-29 11:53:52
3096,554,1,RESTOCK,11,34,1310.0,Stock received from supplier,2025-06-01 09:00:00
3097,555,1,MANUAL_ADJUSTMENT,10,10,,Initial stock load (system go-live),2024-01-01 07:00:00
3098,555,1,RESTOCK,12,22,1311.0,Stock received from supplier,2024-01-15 09:00:00
3099,555,2,SALE,-6,16,,Ref: sales_id=101,2024-02-09 16:09:00
3100,555,1,RESTOCK,8,24,1312.0,Stock received from supplier,2025-05-31 09:00:00
3101,556,1,MANUAL_ADJUSTMENT,10,10,,Initial stock load (system go-live),2024-01-01 07:00:00
3102,556,1,RESTOCK,12,22,1313.0,Stock received from supplier,2024-01-25 09:00:00
3103,556,3,SALE,-1,21,,Ref: sales_id=478,2024-10-16 14:46:09
3104,556,1,RESTOCK,9,30,1314.0,Stock received from supplier,2025-06-11 09:00:00
3105,557,1,MANUAL_ADJUSTMENT,10,10,,Initial stock load (system go-live),2024-01-01 07:00:00
3106,557,1,RESTOCK,13,23,1315.0,Stock received from supplier,2024-01-15 09:00:00
3107,557,3,SALE,-2,21,,Ref: sales_id=333,2024-07-16 17:44:35
3108,557,1,RESTOCK,8,29,1316.0,Stock received from supplier,2025-05-26 09:00:00
3109,558,1,MANUAL_ADJUSTMENT,10,10,,Initial stock load (system go-live),2024-01-01 07:00:00
3110,558,1,RESTOCK,14,24,1317.0,Stock received from supplier,2024-01-14 09:00:00
3111,558,3,SALE,-1,23,,Ref: sales_id=904,2025-01-30 11:54:21
3112,558,1,RESTOCK,13,36,1318.0,Stock received from supplier,2025-05-26 09:00:00
3113,559,1,MANUAL_ADJUSTMENT,10,10,,Initial stock load (system go-live),2024-01-01 07:00:00
3114,559,1,RESTOCK,14,24,1319.0,Stock received from supplier,2024-01-06 09:00:00
3115,559,3,SALE,-1,23,,Ref: sales_id=949,2025-02-08 16:48:56
3116,559,1,RESTOCK,12,35,1320.0,Stock received from supplier,2025-05-18 09:00:00
3117,560,1,MANUAL_ADJUSTMENT,10,10,,Initial stock load (system go-live),2024-01-01 07:00:00
3118,560,4,SALE,-1,9,,Ref: sales_id=950,2025-02-08 14:34:05
3119,560,1,RESTOCK,11,20,1322.0,Stock received from supplier,2025-05-20 09:00:00
3120,561,1,MANUAL_ADJUSTMENT,10,10,,Initial stock load (system go-live),2024-01-01 07:00:00
3121,561,1,RESTOCK,11,21,1324.0,Stock received from supplier,2024-08-08 09:00:00
3122,561,1,RESTOCK,14,35,1325.0,Stock received from supplier,2025-02-25 09:00:00
3123,561,1,RESTOCK,8,43,1326.0,Stock received from supplier,2025-09-18 09:00:00
3124,562,1,MANUAL_ADJUSTMENT,10,10,,Initial stock load (system go-live),2024-01-01 07:00:00
3125,562,1,RESTOCK,11,21,1327.0,Stock received from supplier,2024-01-22 09:00:00
3126,562,1,RESTOCK,12,33,1328.0,Stock received from supplier,2024-08-14 09:00:00
3127,562,1,RESTOCK,10,43,1329.0,Stock received from supplier,2025-03-06 09:00:00
3128,562,1,RESTOCK,11,54,1330.0,Stock received from supplier,2025-09-18 09:00:00
